url,quality,title
https://gomovies.sc/movie/a-futile-stupid-gesture-2017/,HD,A Futile & Stupid Gesture
https://gomovies.sc/movie/68-kill-2017/,HD,68 Kill
https://gomovies.sc/movie/the-neighbor-2017/,HD,The Neighbor
https://gomovies.sc/movie/i-am-not-a-witch-2017/,HD,I Am Not a Witch
https://gomovies.sc/movie/hatchet-4-2017/,HD,Hatchet 4
https://gomovies.sc/movie/the-clapper-2017/,HD,The Clapper
https://gomovies.sc/movie/maze-runner-the-death-cure-2018/,HD,Maze Runner: The Death Cure
https://gomovies.sc/movie/scare-campaign-2016/,HD,Scare Campaign
https://gomovies.sc/movie/ricardo-quevedo-hay-gente-asi-2018/,HD,Ricardo Quevedo: Hay gente así
https://gomovies.sc/movie/in-search-of-fellini-2017/,HD,In Search of Fellini
https://gomovies.sc/movie/bombshell-the-hedy-lamarr-story-2017/,HD,Bombshell: The Hedy Lamarr Story
https://gomovies.sc/movie/accident-2017/,HD,Accident
https://gomovies.sc/movie/easy-to-learn-hard-to-master-the-fate-of-atari-2017/,HD,"Easy to Learn, Hard to Master: The Fate of Atari"
https://gomovies.sc/movie/todd-and-the-book-of-pure-evil-the-end-of-the-end-2017/,HD,Todd and the Book of Pure Evil: The End of the End
https://gomovies.sc/movie/the-way-i-see-it-2017/,HD,The Way I See It
https://gomovies.sc/movie/earth-one-amazing-day-2017/,HD,Earth: One Amazing Day
https://gomovies.sc/movie/act-happy-2018/,HD,Todd Glass: Act Happy
https://gomovies.sc/movie/the-workers-cup-2017/,HD,The Workers Cup
https://gomovies.sc/movie/our-house-for-the-weekend-2017/,HD,Our House For the Weekend
https://gomovies.sc/movie/f-for-franco-2016/,HD,F for Franco
https://gomovies.sc/movie/anhedonia-2016/,HD,Anhedonia
https://gomovies.sc/movie/ambrosia-2015/,HD,Ambrosia 
https://gomovies.sc/movie/woody-woodpecker-2017/,HD,Woody Woodpecker
https://gomovies.sc/movie/batman-gotham-by-gaslight-2018/,HD,Batman: Gotham by Gaslight
https://gomovies.sc/movie/little-bitches-2018/,HD,Little Bitches
https://gomovies.sc/movie/the-rocket-2018/,HD,The Rocket
https://gomovies.sc/movie/personal-shopper-2016/,HD,Personal Shopper
https://gomovies.sc/movie/ma-rosa-2016/,HD,Ma' Rosa
https://gomovies.sc/movie/dark-meridian-2017/,HD,Dark Meridian
https://gomovies.sc/movie/wastelander-2018/,HD,Wastelander
https://gomovies.sc/movie/flesh-and-blood-2016/,HD,Flesh and Blood
https://gomovies.sc/movie/love-kennedy-2017/,HD,"Love, Kennedy"
https://gomovies.sc/movie/cocaine-godmother-2018/,HD,Cocaine Godmother 
https://gomovies.sc/movie/i-remember-you-2017/,HD,I Remember You
https://gomovies.sc/movie/deadly-inn-2018/,HD,Deadly Inn
https://gomovies.sc/movie/all-of-you-2017/,HD,All of You
https://gomovies.sc/movie/the-birthday-wish-2017/,HD,The Birthday Wish
https://gomovies.sc/movie/one-winter-weekend-2018/,HD,One Winter Weekend
https://gomovies.sc/movie/the-summit-2017/,HD,The Summit
https://gomovies.sc/movie/final-portrait-2017-dasda213/,HD,Final Portrait
https://gomovies.sc/movie/den-of-thieves-2018-online/,CAM,Den of Thieves
https://gomovies.sc/movie/australia-day-2017/,CAM,Australia Day
https://gomovies.sc/movie/the-midnight-man-2017/,CAM,The Midnight Man
https://gomovies.sc/movie/numb-2015/,CAM,Numb
https://gomovies.sc/movie/mandy-2016/,CAM,Mandy
https://gomovies.sc/movie/step-sisters-2018-free/,CAM,Step Sisters
https://gomovies.sc/movie/the-open-house-2018-g24322432/,CAM,The Open House
https://gomovies.sc/movie/lauri-mantyvaaran-tuuheet-ripset-2017/,CAM,Lauri Mäntyvaaran tuuheet ripset
https://gomovies.sc/movie/adam-newman-fuzzies-2017/,CAM,Adam Newman: Fuzzies
https://gomovies.sc/movie/mom-and-dad-2017/,CAM,Mom and Dad
https://gomovies.sc/movie/gods-own-country-2017-dsadsaq2/,CAM,God's Own Country
https://gomovies.sc/movie/small-town-crime-2017/,CAM,Small Town Crime
https://gomovies.sc/movie/coffin-2-2017/,CAM,Coffin 2
https://gomovies.sc/movie/delirium-2018/,CAM,Delirium
https://gomovies.sc/movie/more-than-t-2017/,CAM,More Than T
https://gomovies.sc/movie/diamond-of-boyana-2017/,CAM,Diamond of Boyana
https://gomovies.sc/movie/frank-serpico-2017/,CAM,Frank Serpico
https://gomovies.sc/movie/bryan-callen-never-grow-up-2017/,CAM,Bryan Callen: Never Grow Up
https://gomovies.sc/movie/returning-citizens-2017/,CAM,Returning Citizens
https://gomovies.sc/movie/great-america-2018/,CAM,Great America
https://gomovies.sc/movie/pitch-perfect-3-2017-online/,CAM,Pitch Perfect 3
https://gomovies.sc/movie/escape-from-ensenada-2017/,CAM,Escape from Ensenada
https://gomovies.sc/movie/godzilla-monster-planet-2017/,CAM,Godzilla: Monster Planet
https://gomovies.sc/movie/12-strong-2018-bwe13412/,CAM,12 Strong
https://gomovies.sc/movie/heartthrob-2017/,CAM,Heartthrob
https://gomovies.sc/movie/a-change-in-the-weather-2017/,CAM,A Change in the Weather
https://gomovies.sc/movie/rip-tide-2017/,CAM,Rip Tide
https://gomovies.sc/movie/the-commuter-2018/,CAM,The Commuter
https://gomovies.sc/movie/camp-cool-kids-2017/,CAM,Camp Cool Kids
https://gomovies.sc/movie/the-spearhead-effect-2017/,CAM,The Spearhead Effect
https://gomovies.sc/movie/proud-mary-2018-hh34h34/,CAM,Proud Mary
https://gomovies.sc/movie/obey-giant-2017/,CAM,Obey Giant
https://gomovies.sc/movie/the-coronation-2018/,CAM,The Coronation
https://gomovies.sc/movie/lbj-2016/,CAM,LBJ
https://gomovies.sc/movie/bad-grandmas-2017/,CAM,Bad Grandmas
https://gomovies.sc/movie/all-the-money-in-the-world-2017-watch/,CAM,All the Money in the World
https://gomovies.sc/movie/kills-on-wheels-2016/,CAM,Kills on Wheels
https://gomovies.sc/movie/created-equal-2017/,CAM,Created Equal
https://gomovies.sc/movie/destined-2016/,CAM,Destined
https://gomovies.sc/movie/el-gallo-2018/,CAM,El Gallo
https://gomovies.sc/movie/the-relationtrip-2017/,HD,The Relationtrip
https://gomovies.sc/movie/all-i-see-is-you-2017/,HD,All I See Is You
https://gomovies.sc/movie/deadly-delusion-2017/,HD,Deadly Delusion
https://gomovies.sc/movie/the-lucky-man-2018/,HD,The Lucky Man
https://gomovies.sc/movie/ketenpere-2017/,HD,Ketenpere
https://gomovies.sc/movie/past-malice-an-emma-fielding-mystery-2018/,HD,Past Malice An Emma Fielding Mystery 
https://gomovies.sc/movie/the-brits-are-coming-2018/,HD,The Brits Are Coming
https://gomovies.sc/movie/the-man-from-earth-holocene-2017/,HD,The Man from Earth: Holocene
https://gomovies.sc/movie/the-hunt-for-dark-matter-2017/,HD,The Hunt for Dark Matter
https://gomovies.sc/movie/trophy-2017-free/,HD,Trophy
https://gomovies.sc/movie/american-satan-2017/,HD,American Satan
https://gomovies.sc/movie/devils-acid-2017/,HD,Devil's Acid
https://gomovies.sc/movie/the-come-up-2017/,HD,The Come Up
https://gomovies.sc/movie/the-flat-earth-2017/,HD,The Flat Earth
https://gomovies.sc/movie/high-rise-rescue-2017/,HD,High-Rise Rescue
https://gomovies.sc/movie/1921-2018-free/,HD,1921
https://gomovies.sc/movie/frozen-in-love-2018/,HD,Frozen in Love
https://gomovies.sc/movie/freak-show-2017/,HD,Freak Show
https://gomovies.sc/movie/voldemort-origins-of-the-heir-2018/,HD,Voldemort: Origins of the Heir
https://gomovies.sc/movie/your-move-2018/,HD,Your Move
https://gomovies.sc/movie/bad-stepmother-2018/,HD,Bad Stepmother
https://gomovies.sc/movie/so-b-it-2016/,HD,So B. It
https://gomovies.sc/movie/a-ciambra-2017/,HD,A Ciambra
https://gomovies.sc/movie/attenborough-and-the-sea-dragon-2018/,HD,Attenborough and the Sea Dragon
https://gomovies.sc/movie/let-me-eat-your-pancreas-2017/,HD,Let Me Eat Your Pancreas
https://gomovies.sc/movie/dope-fiend-2017/,HD,Dope Fiend
https://gomovies.sc/movie/xtc-this-is-pop-2017/,HD,XTC: This Is Pop
https://gomovies.sc/movie/the-post-2017/,HD,The Post
https://gomovies.sc/movie/unsportsmanlike-comedy-with-rob-gronkowski-2018/,HD,Unsportsmanlike Comedy with Rob Gronkowski
https://gomovies.sc/movie/david-bowie-the-last-five-years-2017/,HD,David Bowie: The Last Five Years
https://gomovies.sc/movie/the-13th-friday-2017/,HD,The 13th Friday
https://gomovies.sc/movie/trafficked-2017/,HD,Trafficked
https://gomovies.sc/movie/buena-vista-social-club-adios-2017/,HD,Buena Vista Social Club: Adios
https://gomovies.sc/movie/a-demon-within-2017/,HD,A Demon Within
https://gomovies.sc/movie/the-last-poker-game-2017/,HD,The Last Poker Game
https://gomovies.sc/movie/milada-2017/,HD,Milada
https://gomovies.sc/movie/acts-of-violence-2018/,HD,Acts of Violence
https://gomovies.sc/movie/the-polka-king-2018-free/,HD,The Polka King
https://gomovies.sc/movie/professor-marston-and-the-wonder-women-2017/,HD,Professor Marston and the Wonder Women
https://gomovies.sc/movie/what-happened-in-vegas-2017/,HD,What Happened in Vegas
https://gomovies.sc/movie/break-night-2017/,HD,Break Night
https://gomovies.sc/movie/red-istanbul-2017/,HD,Red Istanbul
https://gomovies.sc/movie/street-hoopz-2018/,HD,Street Hoopz
https://gomovies.sc/movie/rodin-2017/,HD,Rodin
https://gomovies.sc/movie/normandie-nue-2018/,HD,Normandie nue 
https://gomovies.sc/movie/greed-heavy-is-the-hand-2018/,HD,Greed: Heavy Is The Hand
https://gomovies.sc/movie/chasing-great-2016/,HD,Chasing Great
https://gomovies.sc/movie/last-days-in-the-desert-2015/,HD,Last Days in the Desert
https://gomovies.sc/movie/valentines-again-2017/,HD,Valentine's Again
https://gomovies.sc/movie/second-nature-2016/,HD,Second Nature
https://gomovies.sc/movie/secret-millionaire-2018/,HD,Secret Millionaire
https://gomovies.sc/movie/negar-2017/,HD,Negar
https://gomovies.sc/movie/all-male-all-nude-2017/,HD,"All Male, All Nude"
https://gomovies.sc/movie/trumping-democracy-2017/,HD,Trumping Democracy
https://gomovies.sc/movie/runaway-romance-2018/,HD,Runaway Romance
https://gomovies.sc/movie/love-is-thicker-than-water-2017/,HD,Love Is Thicker Than Water
https://gomovies.sc/movie/the-new-adventures-of-max-2018/,HD,The New Adventures of Max
https://gomovies.sc/movie/battalion-2018/,HD,Battalion
https://gomovies.sc/movie/crazy-famous-2017/,HD,Crazy Famous
https://gomovies.sc/movie/last-scene-alive-an-aurora-teagarden-mystery-2018/,HD,Last Scene Alive: An Aurora Teagarden Mystery
https://gomovies.sc/movie/the-beyond-2017/,HD,The Beyond
https://gomovies.sc/movie/asylum-of-fear-2018/,HD,Asylum of Fear
https://gomovies.sc/movie/thank-you-for-your-service-2017/,HD,Thank You for Your Service
https://gomovies.sc/movie/the-75th-golden-globe-awards-2018/,HD,The 75th Golden Globe Awards
https://gomovies.sc/movie/manolo-the-boy-who-made-shoes-for-lizards-2017/,HD,Manolo: The Boy Who Made Shoes for Lizards
https://gomovies.sc/movie/scooby-doo-batman-the-brave-and-the-bold-2018/,HD,Scooby-Doo & Batman: the Brave and the Bold
https://gomovies.sc/movie/the-wound-2017/,HD,The Wound
https://gomovies.sc/movie/32-pills-my-sisters-suicide-2017/,HD,32 Pills: My Sister's Suicide
https://gomovies.sc/movie/blood-sweat-and-lies-2018/,HD,"Blood, Sweat, and Lies"
https://gomovies.sc/movie/the-sleep-curse-2017/,HD,The Sleep Curse
https://gomovies.sc/movie/house-of-z-2016/,HD,House of Z
https://gomovies.sc/movie/kurokos-basketball-last-game-2017/,HD,Kuroko's Basketball: Last Game
https://gomovies.sc/movie/an-eye-for-an-eye-2016/,HD,An Eye for an Eye
https://gomovies.sc/movie/alien-contact-nasa-exposed-2-2017/,HD,Alien Contact: NASA Exposed 2
https://gomovies.sc/movie/the-shape-of-water-2017-wqeqwe12/,HD,The Shape of Water
https://gomovies.sc/movie/lapland-odyssey-3-2017/,HD,Lapland Odyssey 3
https://gomovies.sc/movie/mollys-game-2017-free/,HD,Molly's Game
https://gomovies.sc/movie/born-strong-2017/,HD,Born Strong
https://gomovies.sc/movie/love-on-the-slopes-2018/,HD,Love on the Slopes
https://gomovies.sc/movie/a-tale-of-two-coreys-2018/,HD,A Tale of Two Coreys
https://gomovies.sc/movie/not-alone-2016/,HD,Not Alone
https://gomovies.sc/movie/insidious-the-last-key-2018-32131weqwqe/,HD,Insidious: The Last Key
https://gomovies.sc/movie/district-c-11-2017/,HD,District C-11
https://gomovies.sc/movie/to-love-or-not-to-love-2017/,HD,To Love or Not to Love
https://gomovies.sc/movie/madtown-2017/,HD,Madtown
https://gomovies.sc/movie/babes-with-blades-2018/,HD,Babes with Blades
https://gomovies.sc/movie/bigfoot-horror-camp-2017/,HD,Bigfoot Horror Camp
https://gomovies.sc/movie/suck-it-up-2017/,HD,Suck It Up
https://gomovies.sc/movie/day-of-the-dead-bloodline-2018/,HD,Day of the Dead: Bloodline
https://gomovies.sc/movie/same-kind-of-different-as-me-2017-324234wr/,HD,Same Kind of Different as Me
https://gomovies.sc/movie/devils-gate-2017/,HD,Devil's Gate
https://gomovies.sc/movie/the-strange-ones-2017-free/,HD,The Strange Ones
https://gomovies.sc/movie/project-eden-vol-i-2017/,HD,Project Eden: Vol. I
https://gomovies.sc/movie/members-only-2017/,HD,Members Only
https://gomovies.sc/movie/goodbye-christopher-robin-2017/,HD,Goodbye Christopher Robin
https://gomovies.sc/movie/jungle-tales-2017/,HD,Jungle Tales
https://gomovies.sc/movie/father-figures-2017-r121wq/,HD,Father Figures
https://gomovies.sc/movie/kenny-2017/,HD,Kenny
https://gomovies.sc/movie/viking-siege-2017/,HD,Viking Siege
https://gomovies.sc/movie/wonder-wheel-2017-rqwr12442/,HD,Wonder Wheel
https://gomovies.sc/movie/tad-the-lost-explorer-and-the-secret-of-king-midas-2017/,HD,Tad the Lost Explorer and the Secret of King Midas
https://gomovies.sc/movie/single-rider-2017/,HD,Single Rider
https://gomovies.sc/movie/blurred-lines-inside-the-art-world-2017/,HD,Blurred Lines: Inside the Art World
https://gomovies.sc/movie/aliens-zone-of-silence-2017/,HD,Aliens: Zone of Silence
https://gomovies.sc/movie/beyond-the-spectrum-2017/,HD,Beyond The Spectrum
https://gomovies.sc/movie/dave-chappelle-equanimity-2017/,HD,Dave Chappelle: Equanimity
https://gomovies.sc/movie/calla-lily-2015/,HD,Calla Lily
https://gomovies.sc/movie/coffee-with-ana-2017/,HD,Coffee with Ana
https://gomovies.sc/movie/you-can-tutu-2017/,HD,You Can Tutu
https://gomovies.sc/movie/desire-2017/,HD,Desire
https://gomovies.sc/movie/wonderstruck-2017/,HD,Wonderstruck
https://gomovies.sc/movie/death-island-paranormal-retribution-2017/,HD,Death Island: Paranormal Retribution
https://gomovies.sc/movie/escape-from-cannibal-farm-2017/,HD,Escape from Cannibal Farm
https://gomovies.sc/movie/lucky-2017/,HD,Lucky
https://gomovies.sc/movie/the-light-of-the-moon-2017/,HD,The Light of the Moon
https://gomovies.sc/movie/alphago-2017/,HD,AlphaGo
https://gomovies.sc/movie/maddman-the-steve-madden-story-2017/,HD,Maddman: The Steve Madden Story
https://gomovies.sc/movie/martin-luther-the-idea-that-changed-the-world-2017/,HD,Martin Luther: The Idea that Changed the World
https://gomovies.sc/movie/veronica-2017/,HD,Veronica
https://gomovies.sc/movie/fatherly-obsession-2017/,HD,Fatherly Obsession
https://gomovies.sc/movie/real-2017/,HD,Real
https://gomovies.sc/movie/spent-2017/,HD,Spent
https://gomovies.sc/movie/return-to-montauk-2017/,HD,Return to Montauk
https://gomovies.sc/movie/web-cam-girls-2017/,HD,Web Cam Girls
https://gomovies.sc/movie/a-royal-new-years-eve-2017/,HD,A Royal New Year's Eve
https://gomovies.sc/movie/shorebreak-the-clark-little-story-2016/,HD,Shorebreak: The Clark Little Story
https://gomovies.sc/movie/the-florida-project-2017-dsadase4/,HD,The Florida Project
https://gomovies.sc/movie/the-climb-2017/,HD,The Climb
https://gomovies.sc/movie/the-akron-holy-war-2017/,HD,The Akron Holy War
https://gomovies.sc/movie/all-together-now-2017/,HD,All Together Now
https://gomovies.sc/movie/agnelli-2017/,HD,Agnelli
https://gomovies.sc/movie/deadly-exchange-2017/,HD,Deadly Exchange
https://gomovies.sc/movie/permanent-2017-free/,HD,Permanent
https://gomovies.sc/movie/slugterra-into-the-shadows-2016/,HD,Slugterra: Into the Shadows
https://gomovies.sc/movie/buddy-solitaire-2016/,HD,Buddy Solitaire
https://gomovies.sc/movie/the-greatest-showman-2017-eqwqwe12312/,HD,The Greatest Showman
https://gomovies.sc/movie/star-wars-the-last-jedi-2017-gg55499tt456/,HD,Star Wars: The Last Jedi
https://gomovies.sc/movie/salyut-7-2017/,HD,Salyut-7
https://gomovies.sc/movie/the-swindlers-2017-eqweq12/,HD,The Swindlers
https://gomovies.sc/movie/paradox-2017-free/,HD,Paradox
https://gomovies.sc/movie/three-billboards-outside-ebbing-missouri-2017/,HD,"Three Billboards Outside Ebbing, Missouri"
https://gomovies.sc/movie/todd-barry-spicy-honey-2017/,HD,Todd Barry: Spicy Honey
https://gomovies.sc/movie/mr-roosevelt-2017/,HD,Mr. Roosevelt
https://gomovies.sc/movie/scramble-2017/,HD,Scramble
https://gomovies.sc/movie/the-red-maple-leaf-2017/,HD,The Red Maple Leaf
https://gomovies.sc/movie/ratburger-2017/,HD,Ratburger
https://gomovies.sc/movie/marshall-2017/,HD,Marshall
https://gomovies.sc/movie/killer-christmas-2017/,HD,Killer Christmas
https://gomovies.sc/movie/i-tonya-2017-e2e1ewqe21/,HD,"I, Tonya"
https://gomovies.sc/movie/lady-bird-2017-bew324/,HD,Lady Bird
https://gomovies.sc/movie/blade-runner-2049-2017-ffqwe12/,HD,Blade Runner 2049
https://gomovies.sc/movie/the-disaster-artist-2017/,HD,The Disaster Artist
https://gomovies.sc/movie/maigret-in-montmartre-2017/,HD,Maigret in Montmartre
https://gomovies.sc/movie/boy-missing-2016/,HD,Boy Missing
https://gomovies.sc/movie/a-christmas-cruise-2017/,HD,A Christmas Cruise
https://gomovies.sc/movie/bleeding-steel-2017/,HD,Bleeding Steel
https://gomovies.sc/movie/downsizing-2017-mmrt34/,HD,Downsizing
https://gomovies.sc/movie/5-headed-shark-attack-2017/,HD,5 Headed Shark Attack
https://gomovies.sc/movie/the-golden-rut-2016/,HD,The Golden Rut
https://gomovies.sc/movie/brothers-in-arms-2017/,HD,Brothers in Arms
https://gomovies.sc/movie/devils-trail-2017/,HD,Devil's Trail
https://gomovies.sc/movie/the-wicked-one-2017/,HD,The Wicked One
https://gomovies.sc/movie/last-flag-flying-2017-fgg2332/,HD,Last Flag Flying
https://gomovies.sc/movie/christmas-getaway-2017/,HD,Christmas Getaway
https://gomovies.sc/movie/bloody-drama-2017/,HD,Bloody Drama
https://gomovies.sc/movie/the-guardian-brothers-2016/,HD,The Guardian Brothers
https://gomovies.sc/movie/hobbyhorse-revolution-2017/,HD,Hobbyhorse Revolution
https://gomovies.sc/movie/jumanji-welcome-to-the-jungle-2017-hhjj7776/,HD,Jumanji: Welcome to the Jungle
https://gomovies.sc/movie/ferdinand-2017-gdfgd54/,HD,Ferdinand
https://gomovies.sc/movie/paddington-2-2017-qwes321/,HD,Paddington 2
https://gomovies.sc/movie/cant-take-it-back-2017-4242wr2/,HD,Can't Take It Back
https://gomovies.sc/movie/bright-2017-rewr234/,HD,Bright
https://gomovies.sc/movie/space-boobs-in-space-2017/,HD,Space Boobs in Space
https://gomovies.sc/movie/final-vision-2017/,HD,Final Vision
https://gomovies.sc/movie/sightings-2017/,HD,Sightings
https://gomovies.sc/movie/justice-league-2017-ytry645/,HD,Justice League
https://gomovies.sc/movie/unhinged-2017/,HD,Unhinged
https://gomovies.sc/movie/bpm-beats-per-minute-2017/,HD,BPM (Beats Per Minute)
https://gomovies.sc/movie/tokyo-ghoul-2017/,HD,Tokyo Ghoul
https://gomovies.sc/movie/pwera-usog-2017/,HD,Pwera usog
https://gomovies.sc/movie/love-you-to-the-stars-and-back-2017/,HD,Love You to the Stars and Back
https://gomovies.sc/movie/call-me-by-your-name-2017-44124sw/,HD,Call Me by Your Name
https://gomovies.sc/movie/you-cant-fight-christmas-2017/,HD,You Can't Fight Christmas
https://gomovies.sc/movie/red-nose-day-actually-2017/,HD,Red Nose Day Actually
https://gomovies.sc/movie/borning-2-2016/,HD,Børning 2
https://gomovies.sc/movie/jeremiah-tower-the-last-magnificent-2017/,HD,Jeremiah Tower: The Last Magnificent
https://gomovies.sc/movie/chasing-trane-the-john-coltrane-documentary-2017/,HD,Chasing Trane: The John Coltrane Documentary
https://gomovies.sc/movie/tag-2015/,HD,Tag
https://gomovies.sc/movie/lee-daniels-the-butler-2013/,HD,The Butler
https://gomovies.sc/movie/shamed-2017/,HD,Shamed
https://gomovies.sc/movie/chemical-cut-2016/,HD,Chemical Cut
https://gomovies.sc/movie/ittefaq-2017-free/,HD,Ittefaq
https://gomovies.sc/movie/heartbeats-2017/,HD,Heartbeats
https://gomovies.sc/movie/romance-at-reindeer-lodge-2017/,HD,Romance at Reindeer Lodge
https://gomovies.sc/movie/inside-2017-ij6765/,HD,Inside
https://gomovies.sc/movie/rocky-mountain-christmas-2017/,HD,Rocky Mountain Christmas
https://gomovies.sc/movie/my-christmas-grandpa-2017/,HD,My Christmas Grandpa
https://gomovies.sc/movie/blood-circus-2017/,HD,Blood Circus
https://gomovies.sc/movie/we-love-you-sally-carmichael-2017/,HD,"We Love You, Sally Carmichael!"
https://gomovies.sc/movie/the-ugly-christmas-sweater-2017/,HD,The Ugly Christmas Sweater
https://gomovies.sc/movie/russell-howard-recalibrate-2017/,HD,Russell Howard: Recalibrate
https://gomovies.sc/movie/matthews-2017/,HD,Matthews
https://gomovies.sc/movie/it-kills-2017/,HD,It Kills
https://gomovies.sc/movie/hitchhiker-massacre-2017/,HD,Hitchhiker Massacre
https://gomovies.sc/movie/evil-sherry-2017/,HD,Evil Sherry
https://gomovies.sc/movie/delivering-christmas-2017/,HD,Delivering Christmas 
https://gomovies.sc/movie/angry-angel-2017/,HD,Angry Angel
https://gomovies.sc/movie/murder-on-the-blackpool-express-2017/,HD,Murder on the Blackpool Express
https://gomovies.sc/movie/werewolves-of-the-third-reich-2017/,HD,Werewolves of the Third Reich
https://gomovies.sc/movie/te-ata-2016/,HD,Te Ata
https://gomovies.sc/movie/christmas-connection-2017/,HD,Christmas Connection
https://gomovies.sc/movie/wedding-wonderland-2017/,HD,Wedding Wonderland
https://gomovies.sc/movie/a-christmas-story-live-2017/,HD,
https://gomovies.sc/movie/just-getting-started-2017/,HD,Just Getting Started
https://gomovies.sc/movie/chasing-the-dragon-2017-r32r32r2/,HD,Chasing the Dragon
https://gomovies.sc/movie/il-colore-nascosto-delle-cose-2017/,HD,Il colore nascosto delle cose
https://gomovies.sc/movie/the-hungry-2017/,HD,The Hungry
https://gomovies.sc/movie/the-battleship-island-2017/,HD,The Battleship Island
https://gomovies.sc/movie/you-me-and-him-2018/,HD,"You, Me and Him"
https://gomovies.sc/movie/snowed-inn-2017/,HD,Snowed Inn
https://gomovies.sc/movie/underfire-the-untold-story-of-pfc-tony-vaccaro-2016/,HD,Underfire: The Untold Story of Pfc. Tony Vaccaro
https://gomovies.sc/movie/troy-the-odyssey-2017/,HD,Troy the Odyssey
https://gomovies.sc/movie/sticky-notes-2016/,HD,Sticky Notes
https://gomovies.sc/movie/the-horse-dancer-2017/,HD,The Horse Dancer
https://gomovies.sc/movie/oscar-pistorius-blade-runner-killer-2017/,HD,Oscar Pistorius: Blade Runner Killer
https://gomovies.sc/movie/maze-2017/,HD,Maze
https://gomovies.sc/movie/hedgehogs-2017/,HD,Hedgehogs
https://gomovies.sc/movie/glory-2016/,HD,Glory
https://gomovies.sc/movie/darkland-2017/,HD,Darkland
https://gomovies.sc/movie/christmas-next-door-2017/,HD,Christmas Next Door
https://gomovies.sc/movie/antiporno-2016/,HD,Antiporno
https://gomovies.sc/movie/christmas-inheritance-2017/,HD,Christmas Inheritance
https://gomovies.sc/movie/the-merciless-2017/,HD,The Merciless
https://gomovies.sc/movie/before-we-go-2014/,HD,Before We Go
https://gomovies.sc/movie/the-god-of-death-2017/,HD,The God of Death
https://gomovies.sc/movie/flashburn-2017/,HD,Flashburn
https://gomovies.sc/movie/anna-2017/,HD,Anna
https://gomovies.sc/movie/the-stolen-2017-adsadds1/,HD,The Stolen
https://gomovies.sc/movie/the-cutlass-2016/,HD,The Cutlass
https://gomovies.sc/movie/who-killed-cock-robin-2017/,HD,Who Killed Cock Robin?
https://gomovies.sc/movie/garfunkel-and-oates-trying-to-be-special-2016/,HD,Garfunkel and Oates: Trying to Be Special
https://gomovies.sc/movie/the-fox-2017/,HD,The Fox
https://gomovies.sc/movie/dahmer-on-dahmer-a-serial-killer-speaks-2017/,HD,Dahmer on Dahmer: A Serial Killer Speaks
https://gomovies.sc/movie/judd-apatow-the-return-2017/,HD,Judd Apatow: The Return
https://gomovies.sc/movie/happening-a-clean-energy-revolution-2017/,HD,Happening: A Clean Energy Revolution
https://gomovies.sc/movie/fury-2014/,HD,Fury
https://gomovies.sc/movie/the-untamed-2016/,HD,The Untamed
https://gomovies.sc/movie/santa-cie-2017/,HD,Santa & Cie
https://gomovies.sc/movie/game-of-thrones-conquest-rebellion-2017-yytre44/,HD,Game of Thrones: Conquest & Rebellion
https://gomovies.sc/movie/a-gray-state-2017/,HD,A Gray State
https://gomovies.sc/movie/the-enchanted-cottage-2016/,HD,The Enchanted Cottage
https://gomovies.sc/movie/a-gentleman-2017/,HD,A Gentleman
https://gomovies.sc/movie/lost-in-paris-2016/,HD,Lost in Paris
https://gomovies.sc/movie/the-christmas-gift-2015/,HD,The Christmas Gift
https://gomovies.sc/movie/sharing-christmas-2017/,HD,Sharing Christmas
https://gomovies.sc/movie/the-christmas-trap-2017/,HD,The Christmas Trap
https://gomovies.sc/movie/obit-2016/,HD,Obit.
https://gomovies.sc/movie/lucknow-central-2017-free/,HD,Lucknow Central
https://gomovies.sc/movie/american-gunslingers-2017/,HD,American Gunslingers
https://gomovies.sc/movie/christmas-princess-2017/,HD,Christmas Princess
https://gomovies.sc/movie/free-to-laugh-2016/,HD,Free to Laugh
https://gomovies.sc/movie/the-rooftop-christmas-tree-2016/,HD,The Rooftop Christmas Tree
https://gomovies.sc/movie/the-killing-of-a-sacred-deer-2017-42342wre/,HD,The Killing of a Sacred Deer
https://gomovies.sc/movie/dawson-city-frozen-time-2016/,HD,Dawson City: Frozen Time
https://gomovies.sc/movie/cops-and-robbers-2016/,HD,Cops and Robbers
https://gomovies.sc/movie/the-girl-who-invented-kissing-2017/,HD,The Girl Who Invented Kissing
https://gomovies.sc/movie/the-ballad-of-lefty-brown-2017/,HD,The Ballad of Lefty Brown
https://gomovies.sc/movie/once-upon-a-time-at-christmas-2017/,HD,Once Upon a Time at Christmas
https://gomovies.sc/movie/the-ghost-bride-2017/,HD,The Ghost Bride
https://gomovies.sc/movie/walk-with-me-2017/,HD,Walk with Me
https://gomovies.sc/movie/seed-the-untold-story-2016/,HD,Seed: The Untold Story
https://gomovies.sc/movie/dementia-13-2017/,HD,Dementia 13
https://gomovies.sc/movie/machines-2016/,HD,Machines
https://gomovies.sc/movie/rift-2017/,HD,Rift
https://gomovies.sc/movie/santoalla-2016/,HD,Santoalla
https://gomovies.sc/movie/the-human-surge-2016/,HD,The Human Surge
https://gomovies.sc/movie/karen-kingsburys-maggies-christmas-miracle-2017/,HD,Karen Kingsbury's Maggie's Christmas Miracle
https://gomovies.sc/movie/a-royal-christmas-ball-2017/,HD,A Royal Christmas Ball
https://gomovies.sc/movie/spyder-2017/,HD,Spyder
https://gomovies.sc/movie/battle-of-the-sexes-2017/,HD,Battle of the Sexes
https://gomovies.sc/movie/a-nutcracker-christmas-2016/,HD,A Nutcracker Christmas
https://gomovies.sc/movie/whats-with-wheat-2016/,HD,What's with Wheat?
https://gomovies.sc/movie/vegas-baby-2016/,HD,Vegas Baby
https://gomovies.sc/movie/naledi-a-baby-elephants-tale-2016/,HD,Naledi: A Baby Elephant's Tale
https://gomovies.sc/movie/christmas-at-holly-lodge-2017/,HD,Christmas at Holly Lodge
https://gomovies.sc/movie/magic-money-the-bitcoin-revolution-2017/,HD,Magic Money: The Bitcoin Revolution
https://gomovies.sc/movie/father-and-guns-2-2017/,HD,Father and Guns 2
https://gomovies.sc/movie/future-baby-2016/,HD,Future Baby
https://gomovies.sc/movie/daniel-sosa-sosafado-2017/,HD,Daniel Sosa: Sosafado
https://gomovies.sc/movie/bill-engvall-just-sell-him-for-parts-2017/,HD,Bill Engvall: Just Sell Him for Parts
https://gomovies.sc/movie/a-plastic-ocean-2016/,HD,A Plastic Ocean
https://gomovies.sc/movie/in-search-of-balance-2016/,HD,In Search of Balance
https://gomovies.sc/movie/i-love-you-daddy-2017/,HD,"I Love You, Daddy"
https://gomovies.sc/movie/rat-film-2016/,HD,Rat Film
https://gomovies.sc/movie/runaway-christmas-bride-2017/,HD,Runaway Christmas Bride
https://gomovies.sc/movie/christmas-cottage-2017/,HD,Christmas Cottage
https://gomovies.sc/movie/pirates-passage-2015/,HD,Pirate's Passage
https://gomovies.sc/movie/christmas-in-mississippi-2017/,HD,Christmas in Mississippi
https://gomovies.sc/movie/christmas-encore-2017/,HD,Christmas Encore
https://gomovies.sc/movie/beyond-food-2017/,HD,Beyond Food
https://gomovies.sc/movie/soldiers-of-the-damned-2015/,HD,Soldiers of the Damned
https://gomovies.sc/movie/zburbs-2016/,HD,ZBurbs
https://gomovies.sc/movie/undercover-angel-2017/,HD,Undercover Angel
https://gomovies.sc/movie/you-killed-my-mother-2017/,HD,You Killed My Mother
https://gomovies.sc/movie/true-to-the-game-2017-dawq4423/,HD,True to the Game
https://gomovies.sc/movie/the-middle-finger-2016/,HD,The Middle Finger
https://gomovies.sc/movie/genocidal-organ-2017/,HD,Genocidal Organ
https://gomovies.sc/movie/dealt-2017/,HD,Dealt
https://gomovies.sc/movie/christmas-in-the-heartland-2017/,HD,Christmas in the Heartland
https://gomovies.sc/movie/breathe-2017/,HD,Breathe
https://gomovies.sc/movie/the-bachelors-2017/,HD,The Bachelors
https://gomovies.sc/movie/chasing-coral-2017/,HD,Chasing Coral
https://gomovies.sc/movie/it-2017-r1231wq/,HD,It (2017) 
https://gomovies.sc/movie/el-camino-christmas-2017-free/,HD,El Camino Christmas
https://gomovies.sc/movie/911-2017/,HD,9/11
https://gomovies.sc/movie/the-pirates-of-somalia-2017/,HD,The Pirates of Somalia
https://gomovies.sc/movie/the-doll-2017/,HD,The Doll
https://gomovies.sc/movie/hollow-in-the-land-2017/,HD,Hollow in the Land
https://gomovies.sc/movie/psych-the-movie-2017-free/,HD,Psych: The Movie
https://gomovies.sc/movie/bullet-head-2017/,HD,Bullet Head
https://gomovies.sc/movie/dawning-of-the-dead-2017/,HD,Dawning of the Dead
https://gomovies.sc/movie/swing-away-2016/,HD,Swing Away
https://gomovies.sc/movie/a-meowy-christmas-2017/,HD,A Meowy Christmas
https://gomovies.sc/movie/super-detention-2016/,HD,Super Detention
https://gomovies.sc/movie/all-these-sleepless-nights-2016/,HD,All These Sleepless Nights
https://gomovies.sc/movie/holiday-joy-2016/,HD,Holiday Joy
https://gomovies.sc/movie/after-the-spill-2015/,HD,After the Spill
https://gomovies.sc/movie/christmas-land-2015/,HD,Christmas Land
https://gomovies.sc/movie/the-womens-balcony-2016/,HD,The Women's Balcony
https://gomovies.sc/movie/california-typewriter-2016/,HD,California Typewriter
https://gomovies.sc/movie/la-ragazza-nella-nebbia-2017/,HD,La ragazza nella nebbia
https://gomovies.sc/movie/the-holly-kane-experiment-2017/,HD,The Holly Kane Experiment
https://gomovies.sc/movie/inheritance-2017/,HD,Inheritance
https://gomovies.sc/movie/dream-house-nightmare-2017-h43h34/,HD,Dream House Nightmare
https://gomovies.sc/movie/f-the-prom-2017/,HD,F*&% the Prom
https://gomovies.sc/movie/teach-us-all-2017/,HD,Teach Us All
https://gomovies.sc/movie/the-newspaperman-the-life-and-times-of-ben-bradlee-2017/,HD,The Newspaperman: The Life and Times of Ben Bradlee
https://gomovies.sc/movie/shattered-2017/,HD,Shattered
https://gomovies.sc/movie/avenge-the-crows-2017/,HD,Avenge the Crows
https://gomovies.sc/movie/bordercross-2017/,HD,BorderCross
https://gomovies.sc/movie/valley-of-bones-2017/,HD,Valley of Bones
https://gomovies.sc/movie/craig-ferguson-tickle-fight-2017/,HD,Craig Ferguson: Tickle Fight
https://gomovies.sc/movie/everything-beautiful-is-far-away-2017/,HD,Everything Beautiful Is Far Away
https://gomovies.sc/movie/kaufmans-game-2017/,HD,Kaufman's Game
https://gomovies.sc/movie/chef-2017-42342ew/,HD,Chef
https://gomovies.sc/movie/loue-moi-2017/,HD,Loue-moi!
https://gomovies.sc/movie/princess-cyd-2017/,HD,Princess Cyd
https://gomovies.sc/movie/the-age-of-consequences-2016/,HD,The Age of Consequences
https://gomovies.sc/movie/12-days-of-giving-2017/,HD,12 Days of Giving
https://gomovies.sc/movie/amalanhig-the-vampire-chronicles-2017/,HD,Amalanhig: The Vampire Chronicles
https://gomovies.sc/movie/look-up-2017/,HD,Look Up 
https://gomovies.sc/movie/the-true-story-of-the-dating-game-killer-2017/,HD,The True Story of the Dating Game Killer
https://gomovies.sc/movie/pearl-jam-lets-play-two-2017/,HD,Pearl Jam: Let's Play Two
https://gomovies.sc/movie/my-christmas-prince-2017/,HD,My Christmas Prince
https://gomovies.sc/movie/miss-me-this-christmas-2017-free/,HD,Miss Me This Christmas
https://gomovies.sc/movie/mathilde-2017/,HD,Mathilde 
https://gomovies.sc/movie/full-dunkirk-2017-bre234/,HD,Dunkirk
https://gomovies.sc/movie/stronger-2017-eqwe2131/,HD,Stronger
https://gomovies.sc/movie/abracadabra-2017-44432ww/,HD,Abracadabra
https://gomovies.sc/movie/making-a-killing-guns-greed-and-the-nra-2016/,HD,"Making a Killing: Guns, Greed, and the NRA"
https://gomovies.sc/movie/memoirs-of-a-murderer-2017/,HD,Memoirs of a Murderer
https://gomovies.sc/movie/in-syria-2017/,HD,In Syria
https://gomovies.sc/movie/kincsem-2017/,HD,Kincsem
https://gomovies.sc/movie/the-unmiracle-2017/,HD,The UnMiracle
https://gomovies.sc/movie/meet-the-trumps-from-immigrant-to-president-2017/,HD,Meet the Trumps: From Immigrant to President
https://gomovies.sc/movie/laughing-lucky-cats-2017/,HD,Laughing Lucky Cats
https://gomovies.sc/movie/my-happy-family-2017/,HD,My Happy Family
https://gomovies.sc/movie/michelle-wolf-nice-lady-2017/,HD,Michelle Wolf: Nice Lady
https://gomovies.sc/movie/maximum-ride-2016/,HD,Maximum Ride
https://gomovies.sc/movie/brian-regan-nunchucks-and-flamethrowers-2017/,HD,Brian Regan: Nunchucks and Flamethrowers
https://gomovies.sc/movie/the-incomparable-rose-hartman-2016/,HD,The Incomparable Rose Hartman
https://gomovies.sc/movie/zedd-true-colors-2016/,HD,Zedd True Colors
https://gomovies.sc/movie/magical-christmas-ornaments-2017/,HD,Magical Christmas Ornaments
https://gomovies.sc/movie/ancien-and-the-magic-tablet-2017/,HD,Ancien and the Magic Tablet
https://gomovies.sc/movie/darkest-hour-2017-ggwe23/,HD,Darkest Hour
https://gomovies.sc/movie/knock-2017/,HD,Knock
https://gomovies.sc/movie/christmas-in-angel-falls-2017/,HD,Christmas in Angel Falls
https://gomovies.sc/movie/four-christmases-and-a-wedding-2017/,HD,Four Christmases and a Wedding
https://gomovies.sc/movie/the-vampire-king-2017-free/,HD,The Vampire King
https://gomovies.sc/movie/spacewalk-2017/,HD,Spacewalk
https://gomovies.sc/movie/christmas-in-evergreen-2017/,HD,Christmas In Evergreen
https://gomovies.sc/movie/almost-sunrise-2016/,HD,Almost Sunrise
https://gomovies.sc/movie/crystal-inferno-2017-sdasdds12312/,HD,Crystal Inferno
https://gomovies.sc/movie/hostages-2017/,HD,Hostages
https://gomovies.sc/movie/cold-skin-2017-qrrqw12442/,HD,Cold Skin [Russian Audio]
https://gomovies.sc/movie/tiny-christmas-2017/,HD,Tiny Christmas
https://gomovies.sc/movie/48-christmas-wishes-2017/,HD,48 Christmas Wishes
https://gomovies.sc/movie/dreamworks-home-for-the-holidays-2017/,HD,DreamWorks Home: For the Holidays
https://gomovies.sc/movie/past-life-2016/,HD,Past Life
https://gomovies.sc/movie/the-worthy-2016/,HD,The Worthy
https://gomovies.sc/movie/aponi-2016/,HD,Aponi
https://gomovies.sc/movie/somebodys-mother-2016/,HD,Somebody's Mother
https://gomovies.sc/movie/full-kickboxer-retaliation-2017/,HD,Kickboxer: Retaliation
https://gomovies.sc/movie/basmati-blues-2017-free/,HD,Basmati Blues
https://gomovies.sc/movie/santas-boot-camp-2016/,HD,Santa's Boot Camp
https://gomovies.sc/movie/madame-2017/,HD,Madame
https://gomovies.sc/movie/volta-2017/,HD,Volta
https://gomovies.sc/movie/fast-and-furriest-2017/,HD,Fast and Furriest
https://gomovies.sc/movie/the-ghost-knows-2017/,HD,The Ghost Knows
https://gomovies.sc/movie/gli-sdraiati-2017/,HD,Gli sdraiati
https://gomovies.sc/movie/tera-intezaar-2017/,SD,Tera Intezaar
https://gomovies.sc/movie/olafs-frozen-adventure-2017/,SD,Olaf's Frozen Adventure
https://gomovies.sc/movie/the-legend-of-420-2017/,SD,The Legend of 420
https://gomovies.sc/movie/alien-invasion-s-u-m-1-2017/,SD,Alien Invasion: S.U.M.1
https://gomovies.sc/movie/dream-boat-2017-free/,SD,Dream Boat
https://gomovies.sc/movie/motivation-3-the-next-generation-2017/,SD,Motivation 3: The Next Generation
https://gomovies.sc/movie/voyeur-2017/,SD,Voyeur
https://gomovies.sc/movie/the-tribes-of-palos-verdes-2017/,SD,The Tribes of Palos Verdes
https://gomovies.sc/movie/love-beats-rhymes-2017/,SD,Love Beats Rhymes
https://gomovies.sc/movie/42-seconds-of-happiness-2016/,SD,42 Seconds of Happiness
https://gomovies.sc/movie/from-the-land-of-the-moon-2016/,SD,From the Land of the Moon
https://gomovies.sc/movie/blood-ransom-2014/,SD,Blood Ransom
https://gomovies.sc/movie/gangster-land-2017/,SD,Gangster Land
https://gomovies.sc/movie/forbidden-games-the-justin-fashanu-story-2017/,SD,Forbidden Games: The Justin Fashanu Story
https://gomovies.sc/movie/a-storybots-christmas-2017/,SD,A StoryBots Christmas
https://gomovies.sc/movie/a-bad-idea-gone-wrong-2017/,SD,A Bad Idea Gone Wrong
https://gomovies.sc/movie/phantom-halo-2014/,SD,Phantom Halo
https://gomovies.sc/movie/ferrari-race-to-immortality-2017/,SD,Ferrari: Race to Immortality
https://gomovies.sc/movie/pettersson-und-findus-2-2016/,SD,Pettersson und Findus 2 - Das schönste Weihnachten überhaupt
https://gomovies.sc/movie/where-i-belong-2017/,SD,Where I Belong
https://gomovies.sc/movie/a-real-vermeer-2016/,SD,A Real Vermeer
https://gomovies.sc/movie/the-green-hell-2017/,SD,The Green Hell
https://gomovies.sc/movie/parks-2017/,SD,Parks
https://gomovies.sc/movie/menashe-2017/,SD,Menashe
https://gomovies.sc/movie/eic-outrage-standup-special-2017/,SD,EIC Outrage Standup Special
https://gomovies.sc/movie/mo-mandel-negative-reinforcement-2016/,SD,Mo Mandel: Negative Reinforcement
https://gomovies.sc/movie/broken-sword-hero-2017/,SD,Broken Sword Hero
https://gomovies.sc/movie/winning-2016/,SD,Winning
https://gomovies.sc/movie/the-house-next-door-2017-fmovies/,SD,The House Next Door
https://gomovies.sc/movie/the-party-2017-r332r22/,SD,The Party
https://gomovies.sc/movie/our-shining-days-2017/,SD,Our Shining Days
https://gomovies.sc/movie/thelma-2017-free/,SD,Thelma
https://gomovies.sc/movie/witchcraft-16-hollywood-coven-2016/,SD,Witchcraft 16: Hollywood Coven
https://gomovies.sc/movie/jimmy-carr-funny-business-2016/,SD,Jimmy Carr: Funny Business
https://gomovies.sc/movie/titanic-20-years-later-with-james-cameron-2017/,SD,Titanic: 20 Years Later with James Cameron
https://gomovies.sc/movie/social-suicide-2015/,SD,Social Suicide
https://gomovies.sc/movie/a-special-lady-2017/,SD,A Special Lady
https://gomovies.sc/movie/click-clack-moo-christmas-at-the-farm-2017/,SD,"Click, Clack, Moo: Christmas at the Farm"
https://gomovies.sc/movie/tenerezza-holding-hands-2017/,SD,Tenerezza: Holding Hands
https://gomovies.sc/movie/a-midsummers-hawaiian-dream-2016/,SD,A Midsummer's Hawaiian Dream
https://gomovies.sc/movie/ultimate-justice-2017/,HD,Ultimate Justice
https://gomovies.sc/movie/the-foreigner-2017-rewr324/,HD,The Foreigner
https://gomovies.sc/movie/sins-of-our-youth-2016/,HD,Sins of Our Youth
https://gomovies.sc/movie/you-did-this-to-me-2016/,HD,You Did This to Me
https://gomovies.sc/movie/victorias-secret-show-2017/,HD,Victoria's Secret Show
https://gomovies.sc/movie/coco-2017-wqew2144/,HD,Coco
https://gomovies.sc/movie/crazy-lake-2016/,HD,Crazy Lake
https://gomovies.sc/movie/albert-2016-64564trt/,HD,Albert
https://gomovies.sc/movie/the-killing-pact-2017/,HD,The Killing Pact
https://gomovies.sc/movie/bakers-man-2017/,HD,Baker's Man
https://gomovies.sc/movie/the-mountain-ii-2016/,HD,The Mountain II
https://gomovies.sc/movie/tough-guys-2017/,HD,Tough Guys
https://gomovies.sc/movie/ali-wong-baby-cobra-2016/,HD,Ali Wong: Baby Cobra
https://gomovies.sc/movie/fate-2017/,HD,Fate
https://gomovies.sc/movie/beautiful-prison-2016/,HD,Beautiful Prison
https://gomovies.sc/movie/hunted-by-a-myth-2017/,HD,Hunted by a Myth
https://gomovies.sc/movie/the-view-from-here-2017/,HD,The View from Here
https://gomovies.sc/movie/sasheer-zamata-pizza-mind-2017/,HD,Sasheer Zamata: Pizza Mind
https://gomovies.sc/movie/mythica-the-godslayer-2016/,HD,Mythica: The Godslayer
https://gomovies.sc/movie/the-bacchus-lady-2016/,HD,The Bacchus Lady
https://gomovies.sc/movie/christmas-solo-2017/,HD,Christmas Solo
https://gomovies.sc/movie/just-to-be-sure-2017/,HD,Just to Be Sure
https://gomovies.sc/movie/roman-j-israel-esq-2017-free/,HD,"Roman J. Israel, Esq."
https://gomovies.sc/movie/cma-country-christmas-2017/,HD,CMA Country Christmas
https://gomovies.sc/movie/a-very-pentatonix-christmas-2017/,HD,A Very Pentatonix Christmas
https://gomovies.sc/movie/slumber-2017-dsadas2/,HD,Slumber
https://gomovies.sc/movie/the-price-2017/,HD,The Price
https://gomovies.sc/movie/a-joyous-christmas-2017/,HD,A Joyous Christmas
https://gomovies.sc/movie/bizans-oyunlari-geym-of-bizans-2016/,HD,Bizans oyunlari: Geym of Bizans
https://gomovies.sc/movie/the-horror-2017/,HD,The Horror
https://gomovies.sc/movie/witchcraft-15-blood-rose-2016/,HD,Witchcraft 15: Blood Rose
https://gomovies.sc/movie/deadly-pickup-2016/,HD,Deadly Pickup
https://gomovies.sc/movie/witchcraft-14-angel-of-death-2016/,HD,Witchcraft 14: Angel of Death
https://gomovies.sc/movie/the-patent-scam-2017/,HD,The Patent Scam
https://gomovies.sc/movie/seed-2017/,HD,Seed
https://gomovies.sc/movie/switched-for-christmas-2017/,HD,Switched for Christmas
https://gomovies.sc/movie/snowmance-2017/,HD,Snowmance
https://gomovies.sc/movie/love-finds-you-in-charm-2015/,HD,Love Finds You in Charm
https://gomovies.sc/movie/a-very-merry-toy-store-2017/,HD,A Very Merry Toy Store
https://gomovies.sc/movie/the-bunker-2014/,HD,The Bunker
https://gomovies.sc/movie/love-finds-you-in-valentine-2016/,HD,Love Finds You in Valentine
https://gomovies.sc/movie/looking-for-the-jackalope-2016/,HD,Looking for the Jackalope
https://gomovies.sc/movie/legs-2015/,HD,Legs
https://gomovies.sc/movie/a-firehouse-christmas-2016/,HD,A Firehouse Christmas
https://gomovies.sc/movie/borg-vs-mcenroe-2017/,HD,Borg vs. McEnroe
https://gomovies.sc/movie/til-death-do-us-part-2017/,HD,Til Death Do Us Part
https://gomovies.sc/movie/gook-2017-free/,HD,Gook
https://gomovies.sc/movie/wish-for-christmas-2016/,HD,Wish For Christmas
https://gomovies.sc/movie/all-saints-2017-moviesfree423/,HD,All Saints
https://gomovies.sc/movie/wrapped-up-in-christmas-2017/,HD,Wrapped Up In Christmas
https://gomovies.sc/movie/the-christmas-train-2017/,HD,The Christmas Train
https://gomovies.sc/movie/detective-conan-crimson-love-letter-2017/,HD,Detective Conan: Crimson Love Letter
https://gomovies.sc/movie/finding-santa-2017-free/,HD,Finding Santa
https://gomovies.sc/movie/long-time-running-2017/,HD,Long Time Running
https://gomovies.sc/movie/high-heel-homicide-2017/,HD,High Heel Homicide
https://gomovies.sc/movie/marrowbone-2017-aaa221/,HD,Marrowbone [Russian Audio]
https://gomovies.sc/movie/seven-sundays-2017/,HD,Seven Sundays
https://gomovies.sc/movie/mersal-2017/,HD,Mersal
https://gomovies.sc/movie/moleman-4-longplay-2017/,HD,Moleman 4: Longplay
https://gomovies.sc/movie/pokemon-the-movie-i-choose-you-2017/,HD,Pokémon the Movie: I Choose You!
https://gomovies.sc/movie/hey-arnold-the-jungle-movie-2017/,HD,Hey Arnold: The Jungle Movie
https://gomovies.sc/movie/once-upon-a-time-2017/,HD,Once Upon a Time
https://gomovies.sc/movie/instrument-of-war-2017/,HD,Instrument of War
https://gomovies.sc/movie/lazer-team-2-2018/,HD,Lazer Team 2
https://gomovies.sc/movie/never-hike-alone-2017/,HD,Never Hike Alone
https://gomovies.sc/movie/dylan-brodys-driving-hollywood-2017/,HD,Dylan Brody's Driving Hollywood
https://gomovies.sc/movie/free-the-mountain-between-us-2017-watchonline/,HD,The Mountain Between Us
https://gomovies.sc/movie/out-of-the-wild-2017/,HD,Out of the Wild
https://gomovies.sc/movie/kurt-braunohler-trust-me-2017/,HD,Kurt Braunohler: Trust Me
https://gomovies.sc/movie/joe-derosa-you-let-me-down-2017/,HD,Joe Derosa You Let Me Down
https://gomovies.sc/movie/gilbert-2017/,HD,Gilbert
https://gomovies.sc/movie/midnight-runners-2017/,HD,Midnight Runners
https://gomovies.sc/movie/gintama-2017/,HD,Gintama
https://gomovies.sc/movie/the-mistletoe-inn-2017/,HD,The Mistletoe Inn
https://gomovies.sc/movie/unnatural-2016/,HD,Unnatural
https://gomovies.sc/movie/arctic-heart-2016/,HD,Arctic Heart
https://gomovies.sc/movie/cuba-and-the-cameraman-2017/,HD,Cuba and the Cameraman
https://gomovies.sc/movie/spruces-and-pines-2017/,HD,Spruces and Pines
https://gomovies.sc/movie/becoming-santa-2015/,HD,Becoming Santa
https://gomovies.sc/movie/sky-hunter-2017-free/,HD,Sky Hunter
https://gomovies.sc/movie/daddys-home-2-2017-321312we/,CAM,Daddy's Home 2
https://gomovies.sc/movie/caccia-al-tesoro-2017/,CAM,Caccia al tesoro
https://gomovies.sc/movie/monster-x-2017/,CAM,Monster X
https://gomovies.sc/movie/the-snow-queen-3-2016/,CAM,The Snow Queen 3
https://gomovies.sc/movie/marie-curie-the-courage-of-knowledge-2016/,CAM,Marie Curie: The Courage of Knowledge
https://gomovies.sc/movie/dismissed-2017/,CAM,Dismissed
https://gomovies.sc/movie/baltimore-rising-2017/,CAM,Baltimore Rising
https://gomovies.sc/movie/lady-krampus-2016/,CAM,Lady Krampus
https://gomovies.sc/movie/barbra-the-music-the-memries-the-magic-2017/,CAM,Barbra: The Music... The Mem'ries... The Magic!
https://gomovies.sc/movie/tim-faith-soul2soul-2017/,CAM,Tim & Faith: Soul2Soul
https://gomovies.sc/movie/speak-now-2016/,CAM,Speak Now
https://gomovies.sc/movie/simplemente-manu-nna-2017/,CAM,Simplemente Manu NNa
https://gomovies.sc/movie/lynne-koplitz-hormonal-beast-2017/,CAM,Lynne Koplitz: Hormonal Beast
https://gomovies.sc/movie/kiss-and-kill-2017/,CAM,Kiss and Kill
https://gomovies.sc/movie/marco-luque-tamo-junto-2017/,CAM,Marco Luque: Tamo Junto
https://gomovies.sc/movie/with-love-christmas-2017/,CAM,"With Love, Christmas"
https://gomovies.sc/movie/road-2017/,CAM,Road
https://gomovies.sc/movie/lommbock-2017/,CAM,Lommbock
https://gomovies.sc/movie/digimon-adventure-tri-2-decision-2016/,CAM,Digimon Adventure Tri. 2: Decision
https://gomovies.sc/movie/amant-double-2017/,CAM,Amant Double
https://gomovies.sc/movie/haunted-2017/,CAM,Haunted
https://gomovies.sc/movie/look-again-2015/,CAM,Look Again
https://gomovies.sc/movie/night-of-too-many-stars-america-comes-together-for-autism-programs-2015/,CAM,Night of Too Many Stars: America Comes Together for Autism Programs
https://gomovies.sc/movie/cruel-summer-2016/,CAM,Cruel Summer
https://gomovies.sc/movie/the-good-neighbor-2016-123moviefull/,CAM,The Good Neighbor
https://gomovies.sc/movie/sensitive-parts-2017/,CAM,Sensitive Parts
https://gomovies.sc/movie/legend-of-the-naked-ghost-2017/,CAM,Legend of the Naked Ghost
https://gomovies.sc/movie/ice-breaker-2017/,CAM,Ice Breaker
https://gomovies.sc/movie/becoming-cary-grant-2017/,CAM,Becoming Cary Grant
https://gomovies.sc/movie/on-body-and-soul-2017/,CAM,On Body and Soul
https://gomovies.sc/movie/arrhythmia-2017/,CAM,Arrhythmia
https://gomovies.sc/movie/go-mad-and-mark-2017/,CAM,Go Mad and Mark
https://gomovies.sc/movie/hex-2017/,CAM,Hex
https://gomovies.sc/movie/coexister-2017/,CAM,Coexister
https://gomovies.sc/movie/election-night-2017/,CAM,Election Night
https://gomovies.sc/movie/do-you-believe-2017/,CAM,o You Believe?
https://gomovies.sc/movie/a-bramble-house-christmas-2017/,CAM,A Bramble House Christmas
https://gomovies.sc/movie/the-falls-covenant-of-grace-2016/,CAM,The Falls: Covenant of Grace
https://gomovies.sc/movie/the-little-vampire-3d-2017/,CAM,The Little Vampire 3D
https://gomovies.sc/movie/blame-2017/,CAM,Blame!
https://gomovies.sc/movie/the-christmas-calendar-2017/,HD,The Christmas Calendar
https://gomovies.sc/movie/saving-christmas-2017/,HD,Saving Christmas
https://gomovies.sc/movie/the-seasons-in-quincy-four-portraits-of-john-berger-2016/,HD,The Seasons in Quincy: Four Portraits of John Berger
https://gomovies.sc/movie/jim-andy-the-great-beyond-featuring-a-very-special-contractually-obligated-mention-of-tony-clifton-2017/,HD,"Jim & Andy: The Great Beyond - Featuring a Very Special, Contractually Obligated Mention of Tony Clifton"
https://gomovies.sc/movie/the-problem-with-apu-2017/,HD,The Problem with Apu
https://gomovies.sc/movie/hangman-2017/,HD,Hangman
https://gomovies.sc/movie/saving-capitalism-2017/,HD,Saving Capitalism
https://gomovies.sc/movie/angry-inuk-2017/,HD,Angry Inuk
https://gomovies.sc/movie/crooked-house-2017-free/,HD,Crooked House
https://gomovies.sc/movie/the-place-2017/,HD,The Place
https://gomovies.sc/movie/rendel-2017/,HD,Rendel
https://gomovies.sc/movie/the-star-2017/,HD,The Star
https://gomovies.sc/movie/666-pm-2017/,HD,6:66 P.M.
https://gomovies.sc/movie/unwanted-2017/,HD,Unwanted
https://gomovies.sc/movie/fall-of-grace-2017/,HD,Fall of Grace
https://gomovies.sc/movie/the-nile-hilton-incident-2017/,HD,The Nile Hilton Incident
https://gomovies.sc/movie/pink-2016/,HD,Pink
https://gomovies.sc/movie/ufc-fight-night-werdum-vs-tybura-2017/,HD,UFC Fight Night: Werdum vs. Tybura
https://gomovies.sc/movie/conor-mcgregor-notorious-2017/,HD,Conor McGregor: Notorious
https://gomovies.sc/movie/donald-trumps-the-art-of-the-deal-the-movie-2016/,HD,Donald Trump's The Art of the Deal: The Movie
https://gomovies.sc/movie/the-lighthouse-2016/,HD,The Lighthouse
https://gomovies.sc/movie/i-am-elizabeth-smart-2017/,HD,I Am Elizabeth Smart
https://gomovies.sc/movie/fairy-tail-the-movie-dragon-cry-2017/,HD,Fairy Tail: The Movie - Dragon Cry
https://gomovies.sc/movie/a-gift-to-remember-2017/,HD,A Gift to Remember
https://gomovies.sc/movie/the-startup-accendi-il-tuo-futuro-2017/,HD,The Startup: Accendi il tuo futuro
https://gomovies.sc/movie/m-2017/,HD,M
https://gomovies.sc/movie/bean-2017/,HD,BEAN
https://gomovies.sc/movie/coming-home-for-christmas-2017/,HD,Coming Home for Christmas
https://gomovies.sc/movie/mission-pays-basque-2017/,HD,Mission Pays Basque
https://gomovies.sc/movie/una-buena-vida-2016/,HD,Una buena vida
https://gomovies.sc/movie/until-the-birds-return-2017/,HD,Until the Birds Return
https://gomovies.sc/movie/behind-the-blue-door-2016/,HD,Behind the Blue Door
https://gomovies.sc/movie/blood-dynasty-2017/,HD,Blood Dynasty
https://gomovies.sc/movie/fear-of-silent-hill-2016/,HD,Fear of Silent Hill
https://gomovies.sc/movie/the-secret-life-of-kyle-2017/,HD,The Secret Life of Kyle
https://gomovies.sc/movie/the-outlaws-2017/,HD,The Outlaws
https://gomovies.sc/movie/christmas-homecoming-2017/,HD,Christmas Homecoming
https://gomovies.sc/movie/t-j-miller-meticulously-ridiculous-2017/,HD,T.J. Miller: Meticulously Ridiculous
https://gomovies.sc/movie/chateau-2017/,HD,Chateau
https://gomovies.sc/movie/finally-found-someone-2017/,HD,Finally Found Someone
https://gomovies.sc/movie/domestic-seduction-2017/,HD,Domestic Seduction
https://gomovies.sc/movie/47-meters-down-2017/,HD,47 Meters Down
https://gomovies.sc/movie/roy-wood-jr-father-figure-2017/,HD,Roy Wood Jr.: Father Figure
https://gomovies.sc/movie/the-killer-2017/,HD,The Killer
https://gomovies.sc/movie/suburbicon-2017-r32r23r23/,HD,Suburbicon
https://gomovies.sc/movie/the-eyes-2017/,HD,The Eyes
https://gomovies.sc/movie/dead-draw-2016/,HD,Dead Draw
https://gomovies.sc/movie/cook-off-2007/,HD,Cook-Off!
https://gomovies.sc/movie/mudbound-2017-full10/,HD,Mudbound
https://gomovies.sc/movie/almost-friends-2016/,HD,Almost Friends
https://gomovies.sc/movie/maya-dardel-2017/,HD,Maya Dardel 
https://gomovies.sc/movie/a-christmas-prince-2017/,HD,A Christmas Prince
https://gomovies.sc/movie/whose-streets-2017/,HD,Whose Streets?
https://gomovies.sc/movie/stickman-2017/,HD,Stickman
https://gomovies.sc/movie/wonder-2017-qweqweqe2/,HD,Wonder
https://gomovies.sc/movie/americons-2017/,HD,Americons
https://gomovies.sc/movie/days-of-power-2017-5545tt/,HD,Days of Power
https://gomovies.sc/movie/rumble-the-indians-who-rocked-the-world-2017/,HD,Rumble: The Indians Who Rocked The World
https://gomovies.sc/movie/the-night-is-young-2015/,HD,The Night Is Young
https://gomovies.sc/movie/sweet-home-carolina-2017/,HD,Sweet Home Carolina
https://gomovies.sc/movie/the-last-treasure-hunt-2016/,HD,The Last Treasure Hunt
https://gomovies.sc/movie/skybound-2017/,HD,Skybound
https://gomovies.sc/movie/the-toymaker-2017/,HD,The Toymaker
https://gomovies.sc/movie/friends-dont-let-friends-2017/,HD,Friends Don't Let Friends
https://gomovies.sc/movie/hollywood-dirt-2017/,HD,Hollywood Dirt
https://gomovies.sc/movie/grey-agenda-2017/,HD,Grey Agenda
https://gomovies.sc/movie/facebook-cracking-the-code-2017/,HD,Facebook: Cracking the Code
https://gomovies.sc/movie/woodshock-2017/,HD,Woodshock
https://gomovies.sc/movie/1-buck-2017/,HD,One Buck
https://gomovies.sc/movie/signed-sealed-delivered-home-again-2017/,HD,"Signed, Sealed, Delivered: Home Again"
https://gomovies.sc/movie/deray-davis-how-to-act-black-2017/,HD,DeRay Davis: How to Act Black
https://gomovies.sc/movie/neverknock-2017/,HD,Neverknock
https://gomovies.sc/movie/afterburn-aftershock-2017/,HD,Afterburn Aftershock
https://gomovies.sc/movie/the-perfect-christmas-present-2017/,HD,The Perfect Christmas Present
https://gomovies.sc/movie/the-sandman-2017/,HD,The Sandman
https://gomovies.sc/movie/truth-or-dare-2017/,HD,Truth or Dare
https://gomovies.sc/movie/the-art-of-attack-and-defence-2017/,HD,The Art of Attack and Defence
https://gomovies.sc/movie/kedi-2016/,HD,Kedi
https://gomovies.sc/movie/free-the-snowman-2017-onlinefull/,HD,The Snowman
https://gomovies.sc/movie/rv-resurrected-victims-2017/,HD,RV: Resurrected Victims
https://gomovies.sc/movie/cute-little-buggers-2017/,HD,Cute Little Buggers
https://gomovies.sc/movie/spreading-darkness-2017/,HD,Spreading Darkness
https://gomovies.sc/movie/no-beast-so-fierce-2017/,HD,No Beast So Fierce
https://gomovies.sc/movie/i-do-until-i-dont-2017/,HD,I Do... Until I Don't
https://gomovies.sc/movie/engaging-father-christmas-2017/,HD,Engaging Father Christmas
https://gomovies.sc/movie/enchanted-christmas-2017/,HD,Enchanted Christmas
https://gomovies.sc/movie/crown-heights-2017/,HD,Crown Heights
https://gomovies.sc/movie/devils-whisper-2017/,HD,Devil's Whisper
https://gomovies.sc/movie/the-boy-with-the-topknot-2017/,HD,The Boy with the Topknot
https://gomovies.sc/movie/on-the-road-2016/,HD,On the Road 
https://gomovies.sc/movie/the-companion-2015/,HD,The Companion
https://gomovies.sc/movie/the-sweetest-christmas-2017/,HD,The Sweetest Christmas
https://gomovies.sc/movie/a-very-country-christmas-2017/,HD,A Very Country Christmas
https://gomovies.sc/movie/a-song-for-christmas-2017/,HD,A Song for Christmas
https://gomovies.sc/movie/loving-vincent-2017/,HD,Loving Vincent
https://gomovies.sc/movie/tulip-fever-2017/,HD,Tulip Fever
https://gomovies.sc/movie/the-humanity-bureau-2017/,HD,The Humanity Bureau
https://gomovies.sc/movie/murder-on-the-orient-express-2017-grer645/,HD,Murder on the Orient Express
https://gomovies.sc/movie/who-shot-biggie-tupac-2017/,HD,Who Shot Biggie & Tupac?
https://gomovies.sc/movie/lou-2017/,HD,LOU
https://gomovies.sc/movie/alien-convergence-2017-free/,HD,Alien Convergence
https://gomovies.sc/movie/new-life-2016/,HD,New Life
https://gomovies.sc/movie/bob-the-drag-queen-suspiciously-large-woman-2017/,HD,Bob the Drag Queen: Suspiciously Large Woman
https://gomovies.sc/movie/alexis-de-anda-mea-culpa-2017/,HD,Alexis de Anda: Mea Culpa
https://gomovies.sc/movie/do-i-say-i-do-2017/,HD,Do I Say I Do? 
https://gomovies.sc/movie/warning-this-drug-may-kill-you-2017/,HD,Warning: This Drug May Kill You
https://gomovies.sc/movie/malcriados-2016/,HD,Malcriados
https://gomovies.sc/movie/rage-2017/,HD,Rage
https://gomovies.sc/movie/the-lost-wife-of-robert-durst-2017/,HD,The Lost Wife of Robert Durst
https://gomovies.sc/movie/a-question-of-faith-2017/,HD,A Question of Faith
https://gomovies.sc/movie/blade-of-the-immortal-2017-ewqe12331/,HD,Blade of the Immortal
https://gomovies.sc/movie/family-games-2016/,HD,Family Games
https://gomovies.sc/movie/almosting-it-2016/,HD,Almosting It
https://gomovies.sc/movie/only-the-brave-2017/,HD,Only the Brave
https://gomovies.sc/movie/bitch-2017-free/,HD,Bitch
https://gomovies.sc/movie/radius-2017-free/,HD,Radius
https://gomovies.sc/movie/amanda-jack-go-glamping-2017/,HD,Amanda & Jack Go Glamping
https://gomovies.sc/movie/victoria-and-abdul-qweqew2131/,HD,Victoria and Abdul
https://gomovies.sc/movie/mayhem-2017-eqwe12/,HD,Mayhem
https://gomovies.sc/movie/christmas-in-the-air-2017/,HD,Christmas in the Air
https://gomovies.sc/movie/unfallen-2016/,HD,Unfallen
https://gomovies.sc/movie/like-share-follow-2017/,HD,Like.Share.Follow.
https://gomovies.sc/movie/bad-actress-2017/,HD,Bad Actress
https://gomovies.sc/movie/beach-rats-2017/,HD,Beach Rats
https://gomovies.sc/movie/totem-2017/,HD,Totem
https://gomovies.sc/movie/champion-2017/,HD,Champion
https://gomovies.sc/movie/replace-2017/,HD,Replace
https://gomovies.sc/movie/you-were-never-really-here-2017/,HD,You Were Never Really Here
https://gomovies.sc/movie/the-elf-2017/,HD,The Elf
https://gomovies.sc/movie/meathook-massacre-ii-2017/,HD,Meathook Massacre II
https://gomovies.sc/movie/rise-of-the-footsoldier-3-2017/,HD,Rise of the Footsoldier 3
https://gomovies.sc/movie/the-60-yard-line-2017/,HD,The 60 Yard Line
https://gomovies.sc/movie/the-rendezvous-2016/,HD,The Rendezvous
https://gomovies.sc/movie/thumper-2017/,HD,Thumper
https://gomovies.sc/movie/eight-2016/,HD,Eight
https://gomovies.sc/movie/barracuda-2017/,HD,Barracuda
https://gomovies.sc/movie/tyler-perrys-boo-2-a-madea-halloween-2017/,HD,Tyler Perry's Boo 2! A Madea Halloween
https://gomovies.sc/movie/the-son-of-joseph-2016/,HD,The Son of Joseph
https://gomovies.sc/movie/patti-cake-2017/,HD,Patti Cake$
https://gomovies.sc/movie/november-criminals-2017/,HD,November Criminals
https://gomovies.sc/movie/unspeakable-2017/,HD,Unspeakable
https://gomovies.sc/movie/undir-trenu-2017/,HD,Undir trénu
https://gomovies.sc/movie/picture-of-beauty-2017/,HD,Picture of Beauty
https://gomovies.sc/movie/free-anomaly-2016-online/,HD,Anomaly
https://gomovies.sc/movie/rock-and-a-hard-place-2017/,HD,Rock and a Hard Place
https://gomovies.sc/movie/disconnected-2017/,HD,Disconnected
https://gomovies.sc/movie/miss-christmas-2017/,HD,Miss Christmas
https://gomovies.sc/movie/on-wings-of-eagles-2016/,HD,On Wings of Eagles
https://gomovies.sc/movie/second-chance-christmas-2017/,HD,Second Chance Christmas
https://gomovies.sc/movie/free-trolls-holiday-2017-online/,HD,Trolls Holiday
https://gomovies.sc/movie/tragedy-girls-2017/,HD,Tragedy Girls
https://gomovies.sc/movie/memoir-of-a-murderer-2017/,HD,Memoir of a Murderer
https://gomovies.sc/movie/puss-in-book-trapped-in-an-epic-tale-2017/,HD,Puss in Book: Trapped in an Epic Tale
https://gomovies.sc/movie/christmas-festival-of-ice-2017/,HD,Christmas Festival of Ice
https://gomovies.sc/movie/base-2017/,HD,Base
https://gomovies.sc/movie/der-traumhafte-weg-2016/,HD,Der traumhafte Weg
https://gomovies.sc/movie/serpent-2017/,HD,Serpent
https://gomovies.sc/movie/deep-purple-from-here-to-infinite-2017/,HD,Deep Purple: From Here to InFinite
https://gomovies.sc/movie/non-transferable-2017/,HD,Non-Transferable
https://gomovies.sc/movie/the-watcher-in-the-woods-2017/,HD,The Watcher in the Woods
https://gomovies.sc/movie/whisky-galore-2016/,HD,Whisky Galore
https://gomovies.sc/movie/smart-chase-fire-earth-2017/,HD,Smart Chase: Fire & Earth [Russian Audio]
https://gomovies.sc/movie/a-bad-moms-christmas-2017-vvavsadwq/,HD,A Bad Moms Christmas
https://gomovies.sc/movie/kild-tv-2016/,HD,KILD TV
https://gomovies.sc/movie/mariah-careys-all-i-want-for-christmas-is-you-2017/,HD,Mariah Carey's All I Want for Christmas Is You
https://gomovies.sc/movie/he-loves-you-not-2017/,HD,He Loves You Not
https://gomovies.sc/movie/aliens-vs-titanic-2017/,HD,Aliens vs. Titanic
https://gomovies.sc/movie/spookers-2017/,HD,Spookers
https://gomovies.sc/movie/hellriser-2017/,HD,Hellriser
https://gomovies.sc/movie/mommys-little-boy-2017/,HD,Mommy's Little Boy
https://gomovies.sc/movie/the-stalker-club-2017/,HD,The Stalker Club
https://gomovies.sc/movie/the-other-mother-2017/,HD,The Other Mother
https://gomovies.sc/movie/sometimes-the-good-kill-2017/,HD,Sometimes the Good Kill
https://gomovies.sc/movie/locked-in-2017/,HD,Locked in
https://gomovies.sc/movie/daughter-for-sale-2017/,HD,Daughter for Sale
https://gomovies.sc/movie/different-flowers-2017/,HD,Different Flowers
https://gomovies.sc/movie/love-of-my-life-2017/,HD,Love of My Life
https://gomovies.sc/movie/24-hours-to-live-2017-ewrq2123/,HD,24 Hours to Live
https://gomovies.sc/movie/bad-match-2017/,HD,Bad Match
https://gomovies.sc/movie/most-beautiful-island-2017/,HD,Most Beautiful Island
https://gomovies.sc/movie/singularity-2017/,HD,Singularity
https://gomovies.sc/movie/newness-2017/,HD,Newness
https://gomovies.sc/movie/another-mothers-son-2017/,HD,Another Mother's Son
https://gomovies.sc/movie/brigsby-bear-2017/,HD,Brigsby Bear
https://gomovies.sc/movie/carbone-2017/,HD,Carbone
https://gomovies.sc/movie/watch-the-villainess-2017-full/,HD,The Villainess
https://gomovies.sc/movie/born-and-missing-2017/,HD,Born and Missing
https://gomovies.sc/movie/khali-the-killer-2017/,HD,Khali the Killer
https://gomovies.sc/movie/black-sabbath-the-end-of-the-end-2017/,HD,Black Sabbath the End of the End
https://gomovies.sc/movie/bodyguards-secret-lives-from-the-watchtower-2016/,HD,Bodyguards: Secret Lives from the Watchtower
https://gomovies.sc/movie/monster-family-2017/,HD,Monster Family
https://gomovies.sc/movie/dream-the-impossible-2017/,HD,Dream the Impossible
https://gomovies.sc/movie/wolf-mother-2016/,HD,Wolf Mother
https://gomovies.sc/movie/spooky-stakeout-2016/,HD,Spooky Stakeout
https://gomovies.sc/movie/eat-play-love-2017/,HD,"Eat, Play, Love"
https://gomovies.sc/movie/1000-mexicans-2016/,HD,1000 Mexicans
https://gomovies.sc/movie/valerian-and-the-city-of-a-thousand-planets-2017-321321ewq/,HD,Valerian and the City of a Thousand Planets
https://gomovies.sc/movie/the-healer-2017/,HD,The Healer
https://gomovies.sc/movie/blood-woods-2017/,HD,Blood Woods
https://gomovies.sc/movie/halloween-pussy-trap-kill-kill-2017/,HD,Halloween Pussy Trap Kill Kill
https://gomovies.sc/movie/nove-lune-e-12-2017/,HD,Nove Lune e 1/2
https://gomovies.sc/movie/spf-18-2017/,HD,SPF-18
https://gomovies.sc/movie/wake-the-dead-2017/,HD,Wake the Dead
https://gomovies.sc/movie/without-name-2016/,HD,Without Name
https://gomovies.sc/movie/the-devils-warehouse-2016/,HD,The Devil's Warehouse
https://gomovies.sc/movie/de-premier-2016/,HD,De Premier
https://gomovies.sc/movie/the-wedding-plan-2016/,HD,The Wedding Plan
https://gomovies.sc/movie/nude-2017/,HD,Nude
https://gomovies.sc/movie/marry-me-at-christmas-2017/,HD,Marry Me at Christmas
https://gomovies.sc/movie/barbie-dolphin-magic-2017/,HD,Barbie: Dolphin Magic
https://gomovies.sc/movie/tokyo-project-2016/,HD,Tokyo Project
https://gomovies.sc/movie/cest-la-vie-2017/,HD,C'est la vie!
https://gomovies.sc/movie/jigsaw-2017-123movies/,HD,Jigsaw
https://gomovies.sc/movie/peppa-pig-my-first-cinema-experience-2017/,HD,Peppa Pig: My First Cinema Experience
https://gomovies.sc/movie/queen-of-the-desert-2015/,HD,Queen of the Desert
https://gomovies.sc/movie/thorijisdjdsadsadasdppppooouurtw777822/,HD,Thor: Ragnarok
https://gomovies.sc/movie/beyond-skyline-2017-ccwwq2/,HD,Beyond Skyline
https://gomovies.sc/movie/pup-star-better-2gether-2017/,HD,Pup Star: Better 2Gether
https://gomovies.sc/movie/a-fantastic-woman-2017/,HD,A Fantastic Woman
https://gomovies.sc/movie/bad-genius-2017-full/,HD,Bad Genius
https://gomovies.sc/movie/lord-give-me-patience-2017/,HD,"Lord, Give Me Patience"
https://gomovies.sc/movie/vir-altyd-2016/,HD,Vir Altyd
https://gomovies.sc/movie/krampus-unleashed-2016/,HD,Krampus Unleashed
https://gomovies.sc/movie/gold-2013/,HD,Gold
https://gomovies.sc/movie/found-footage-3d-2016/,HD,Found Footage 3D
https://gomovies.sc/movie/the-heyday-of-the-insensitive-bastards-2017/,HD,The Heyday of the Insensitive Bastards
https://gomovies.sc/movie/the-devils-toy-box-2017/,HD,The Devil's Toy Box
https://gomovies.sc/movie/arbor-demon-2016/,HD,Arbor Demon
https://gomovies.sc/movie/the-trip-to-spain-2017-free/,HD,The Trip to Spain
https://gomovies.sc/movie/the-truth-about-lies-2017/,HD,The Truth About Lies
https://gomovies.sc/movie/joan-didion-the-center-will-not-hold-2017/,HD,Joan Didion: The Center Will Not Hold
https://gomovies.sc/movie/free-acts-of-vengeance-2017-movie-full2131/,HD,Acts Of Vengeance
https://gomovies.sc/movie/jeepers-creepers-iii-2017/,HD,Jeepers Creepers III
https://gomovies.sc/movie/arg-stairs-2017/,HD,Arg Stairs
https://gomovies.sc/movie/immigration-game-2017/,HD,Immigration Game
https://gomovies.sc/movie/12-deaths-of-christmas-2017/,HD,12 Deaths of Christmas
https://gomovies.sc/movie/the-marker-2017/,HD,The Marker
https://gomovies.sc/movie/glory-day-2016/,HD,Glory Day
https://gomovies.sc/movie/king-of-the-belgians-2016/,HD,King of the Belgians
https://gomovies.sc/movie/the-skyjackers-tale-2016/,HD,The Skyjacker's Tale
https://gomovies.sc/movie/step-2017/,SD,Step
https://gomovies.sc/movie/a-closer-walk-with-thee-2017/,SD,A Closer Walk with Thee
https://gomovies.sc/movie/bb-2017/,SD,B&B
https://gomovies.sc/movie/birth-of-the-dragon-2017/,SD,Birth of the Dragon
https://gomovies.sc/movie/home-again-2017-fewf23231/,SD,Home Again
https://gomovies.sc/movie/vision-quest-1985/,SD,Vision Quest
https://gomovies.sc/movie/year-of-the-comet-1992/,SD,Year of the Comet
https://gomovies.sc/movie/you-only-live-once-1937/,SD,You Only Live Once
https://gomovies.sc/movie/teen-wolf-1985/,SD,Teen Wolf
https://gomovies.sc/movie/the-poughkeepsie-tapes-2007/,SD,The Poughkeepsie Tapes
https://gomovies.sc/movie/espionage-tonight-2017/,SD,Espionage Tonight
https://gomovies.sc/movie/the-glass-castle-2017/,SD,The Glass Castle
https://gomovies.sc/movie/christmas-crime-story-2017/,SD,Christmas Crime Story
https://gomovies.sc/movie/the-curse-of-robert-the-doll-2016/,SD,The Curse of Robert the Doll
https://gomovies.sc/movie/shortwave-2016/,SD,Shortwave
https://gomovies.sc/movie/ingrid-goes-west-2017/,SD,Ingrid Goes West
https://gomovies.sc/movie/creep-2-2017/,SD,Creep 2
https://gomovies.sc/movie/a-harvest-wedding-2017/,SD,A HARVEST WEDDING
https://gomovies.sc/movie/darrow-darrow-2017/,SD,Darrow & Darrow
https://gomovies.sc/movie/geo-disaster-2017/,SD,Geo-Disaster
https://gomovies.sc/movie/resurrection-2015/,SD,Resurrection
https://gomovies.sc/movie/a-witches-ball-2017/,SD,A Witches' Ball
https://gomovies.sc/movie/columbus-2017/,SD,Columbus
https://gomovies.sc/movie/an-inconvenient-sequel-truth-to-power-2017-free/,SD,An Inconvenient Sequel: Truth to Power
https://gomovies.sc/movie/sprakeloos-2017/,SD,Sprakeloos
https://gomovies.sc/movie/the-dark-files-2017/,SD,The Dark Files
https://gomovies.sc/movie/hampstead-2017/,SD,Hampstead
https://gomovies.sc/movie/happy-death-day-2017-g42342243/,SD,Happy Death Day
https://gomovies.sc/movie/geostorm-2017-312313qweq123jj/,SD,Geostorm
https://gomovies.sc/movie/1922-2017-free/,SD,1922
https://gomovies.sc/movie/bad-day-for-the-cut-2017/,SD,Bad Day for the Cut
https://gomovies.sc/movie/bunnyman-vengeance-2017/,SD,Bunnyman Vengeance
https://gomovies.sc/movie/never-here-2017/,SD,Never Here
https://gomovies.sc/movie/nightworld-2017/,SD,Nightworld
https://gomovies.sc/movie/the-only-living-boy-in-new-york-2017/,SD,The Only Living Boy in New York
https://gomovies.sc/movie/wheelman-2017-free/,SD,Wheelman
https://gomovies.sc/movie/jungle-2017-3123dqw/,SD,Jungle
https://gomovies.sc/movie/hacker-2016/,SD,Hacker
https://gomovies.sc/movie/manifesto-2015/,SD,Manifesto
https://gomovies.sc/movie/sex-guaranteed-2017/,SD,Sex Guaranteed
https://gomovies.sc/movie/any-day-2015/,HD,Any Day
https://gomovies.sc/movie/flatliners-2017-rr21r1r1/,HD,Flatliners
https://gomovies.sc/movie/a-very-sordid-wedding-2017/,HD,A Very Sordid Wedding
https://gomovies.sc/movie/turbulence-2016/,HD,Turbulence
https://gomovies.sc/movie/fallen-soldiers-2015/,HD,Fallen Soldiers
https://gomovies.sc/movie/otherlife-2016/,HD,OtherLife
https://gomovies.sc/movie/sun-choke-2015/,HD,Sun Choke
https://gomovies.sc/movie/pressure-2015/,HD,Pressure
https://gomovies.sc/movie/do-not-resist-2016/,HD,Do Not Resist
https://gomovies.sc/movie/bring-it-on-worldwide-cheersmack-2017/,HD,Bring It On: Worldwide #Cheersmack
https://gomovies.sc/movie/the-playground-2017/,HD,The Playground
https://gomovies.sc/movie/bad-blood-the-movie-2016/,HD,Bad Blood: The Movie
https://gomovies.sc/movie/talon-falls-2017/,HD,Talon Falls
https://gomovies.sc/movie/wheres-the-money-2017/,HD,Where's the Money
https://gomovies.sc/movie/gremlin-2017/,HD,Gremlin
https://gomovies.sc/movie/american-gothic-2017/,HD,American Gothic
https://gomovies.sc/movie/lycan-2017/,HD,Lycan
https://gomovies.sc/movie/unrest-2017/,HD,Unrest
https://gomovies.sc/movie/wakefield-2016/,HD,Wakefield
https://gomovies.sc/movie/the-adventurers-2017/,HD,The Adventurers
https://gomovies.sc/movie/the-babysitter-2017-dqwqe122/,HD,The Babysitter
https://gomovies.sc/movie/kingdom-of-us-2017/,HD,Kingdom of Us
https://gomovies.sc/movie/the-meyerowitz-stories-new-and-selected-online13/,HD,The Meyerowitz Stories (New and Selected)
https://gomovies.sc/movie/brawl-in-cell-block-99-2017-free/,HD,Brawl in Cell Block 99
https://gomovies.sc/movie/interlude-in-prague-2017/,HD,Interlude in Prague
https://gomovies.sc/movie/m-f-a-2017/,HD,M.F.A.
https://gomovies.sc/movie/blood-money-2017-watch/,HD,Blood Money
https://gomovies.sc/movie/6-below-miracle-on-the-mountain-2017-bbwew3/,HD,6 Below: Miracle on the Mountain
https://gomovies.sc/movie/atomic-blonde-2017-ggwegwegw/,HD,Atomic Blonde
https://gomovies.sc/movie/the-lego-ninjago-movie-2017-online44/,HD,The LEGO Ninjago Movie
https://gomovies.sc/movie/panteon-woods-2015/,HD,Panteon Woods
https://gomovies.sc/movie/escape-from-mr-lemoncellos-library-2017/,HD,Escape from Mr. Lemoncello's Library
https://gomovies.sc/movie/branded-2017/,HD,Branded
https://gomovies.sc/movie/annabelle-creation-2017-r23r223r/,HD,Annabelle: Creation
https://gomovies.sc/movie/the-sensitives-2017/,HD,The Sensitives
https://gomovies.sc/movie/house-by-the-lake-2016/,HD,House by the Lake
https://gomovies.sc/movie/one-percent-more-humid-2017/,HD,One Percent More Humid
https://gomovies.sc/movie/quadrant-9ev9-2016/,HD,Quadrant 9EV9
https://gomovies.sc/movie/spielberg-2017/,HD,Spielberg
https://gomovies.sc/movie/cardboard-gangsters-2016/,HD,Cardboard Gangsters
https://gomovies.sc/movie/all-of-my-heart-inn-love-2017-c1212e2/,HD,All of My Heart: Inn Love
https://gomovies.sc/movie/sleepwalker-2017/,HD,Sleepwalker
https://gomovies.sc/movie/blade-runner-black-out-2022-2017/,HD,Blade Runner Black Out 2022
https://gomovies.sc/movie/the-hollow-one-2015/,HD,The Hollow One
https://gomovies.sc/movie/guillaume-la-jeunesse-du-conquerant-2017/,HD,"Guillaume, la jeunesse du conquérant"
https://gomovies.sc/movie/virtual-revolution-2016/,HD,Virtual Revolution
https://gomovies.sc/movie/red-christmas-2016/,HD,Red Christmas
https://gomovies.sc/movie/puppy-2017/,HD,''Puppy!''
https://gomovies.sc/movie/killswitch-2014/,HD,Killswitch
https://gomovies.sc/movie/kingsman-the-golden-circle-2017/,HD,Kingsman: The Golden Circle
https://gomovies.sc/movie/the-night-watchmen-2017/,HD,The Night Watchmen
https://gomovies.sc/movie/batman-vs-two-face-2017/,HD,Batman vs. Two-Face
https://gomovies.sc/movie/freehold-2017/,HD,Freehold
https://gomovies.sc/movie/indiscretion-2016/,HD,Indiscretion
https://gomovies.sc/movie/the-man-with-the-iron-heart-2017-31312eqwe/,HD,The Man with the Iron Heart
https://gomovies.sc/movie/mostly-sunny-2016/,HD,Mostly Sunny
https://gomovies.sc/movie/loving-2016-gostreamis/,HD,Loving
https://gomovies.sc/movie/i-called-him-morgan-2016/,HD,I Called Him Morgan
https://gomovies.sc/movie/feel-rich-health-is-the-new-wealth-2017/,HD,Feel Rich: Health Is the New Wealth
https://gomovies.sc/movie/city-40-2016/,HD,City 40
https://gomovies.sc/movie/at-all-costs-2016/,HD,At All Costs
https://gomovies.sc/movie/the-crucifixion-2017/,HD,The Crucifixion
https://gomovies.sc/movie/the-death-and-life-of-marsha-p-johnson-2017/,HD,The Death and Life of Marsha P. Johnson
https://gomovies.sc/movie/clowntown-2016/,HD,ClownTown
https://gomovies.sc/movie/wrecker-2015/,HD,Wrecker
https://gomovies.sc/movie/paint-it-black-2016/,HD,Paint It Black
https://gomovies.sc/movie/demons-2017/,HD,Demons
https://gomovies.sc/movie/cold-moon-2016/,HD,Cold Moon
https://gomovies.sc/movie/better-watch-out-2016-31231ewq/,HD,Better Watch Out
https://gomovies.sc/movie/friend-request-2016/,HD,Friend Request
https://gomovies.sc/movie/super-dark-times-2017/,HD,Super Dark Times
https://gomovies.sc/movie/my-little-pony-the-movie-2017/,HD,My Little Pony: The Movie
https://gomovies.sc/movie/bon-cop-bad-cop-2-2017/,HD,Bon Cop Bad Cop 2
https://gomovies.sc/movie/the-time-of-their-lives-2017/,HD,The Time of Their Lives
https://gomovies.sc/movie/swim-team-2016/,HD,Swim Team
https://gomovies.sc/movie/mark-felt-the-man-who-brought-down-the-white-house-2017-bwbwe32/,HD,Mark Felt: The Man Who Brought Down the White House
https://gomovies.sc/movie/good-time-2017-watch/,HD,Good Time
https://gomovies.sc/movie/marjorie-prime-2017/,HD,Marjorie Prime
https://gomovies.sc/movie/free-landline-2017/,HD,Landline
https://gomovies.sc/movie/the-honor-farm-2017/,HD,The Honor Farm
https://gomovies.sc/movie/daphne-2017/,HD,Daphne
https://gomovies.sc/movie/cherry-pop-2017/,HD,Cherry Pop
https://gomovies.sc/movie/deadly-expose-2017/,HD,Deadly Expose
https://gomovies.sc/movie/nails-2017/,HD,Nails
https://gomovies.sc/movie/armstrong-2016/,HD,Armstrong
https://gomovies.sc/movie/diana-the-day-britain-cried-2017/,HD,Diana: The Day Britain Cried
https://gomovies.sc/movie/full-girls-trip-2017-online101/,HD,Girls Trip
https://gomovies.sc/movie/586ee56ab27210f18ea27dc6791d3a90/,HD,The Finest Hours
https://gomovies.sc/movie/the-emoji-movie-2017-full-online-free/,HD,The Emoji Movie
https://gomovies.sc/movie/dark-paradise-2016/,HD,Dark Paradise
https://gomovies.sc/movie/the-secret-she-kept-2016/,HD,The Secret She Kept
https://gomovies.sc/movie/rumble-2016/,HD,Rumble
https://gomovies.sc/movie/the-future-of-work-and-death-2016/,HD,The Future of Work and Death
https://gomovies.sc/movie/hello-destroyer-2016/,HD,Hello Destroyer
https://gomovies.sc/movie/an-ordinary-man-2017/,HD,An Ordinary Man
https://gomovies.sc/movie/on-the-beach-at-night-alone-2017/,HD,On the Beach at Night Alone
https://gomovies.sc/movie/the-death-of-louis-xiv-2016/,HD,The Death of Louis XIV
https://gomovies.sc/movie/harvest-love-2017/,HD,Harvest Love
https://gomovies.sc/movie/ggg332766312ffgg11333ww3mmm60202h6777777544444mmm776/,HD,Deadpool
https://gomovies.sc/movie/war-for-the-planet-of-the-apes-2017-123movieswatch21/,HD,War for the Planet of the Apes
https://gomovies.sc/movie/distance-between-dreams-2016/,HD,Distance Between Dreams
https://gomovies.sc/movie/zombies-2017/,HD,Zombies
https://gomovies.sc/movie/the-sound-2017/,HD,The Sound
https://gomovies.sc/movie/wendy-whelan-restless-creature-2016/,HD,Wendy Whelan: Restless Creature
https://gomovies.sc/movie/our-souls-at-night-2017/,HD,Our Souls at Night
https://gomovies.sc/movie/long-shot-2017/,HD,Long Shot
https://gomovies.sc/movie/literally-right-before-aaron-2017/,HD,"Literally, Right Before Aaron"
https://gomovies.sc/movie/infinity-chamber-2016/,HD,Infinity Chamber
https://gomovies.sc/movie/geralds-game-2017/,HD,Gerald's Game
https://gomovies.sc/movie/dont-sleep-2017/,HD,Don't Sleep
https://gomovies.sc/movie/amityville-the-awakening-2017-2141wqrwq/,HD,Amityville: The Awakening
https://gomovies.sc/movie/alibi-com-2017-rwerw24/,HD,Alibi.com
https://gomovies.sc/movie/stuck-2014/,HD,#Stuck
https://gomovies.sc/movie/hired-gun-2016/,HD,Hired Gun
https://gomovies.sc/movie/welcome-to-willits-2016/,HD,Welcome to Willits
https://gomovies.sc/movie/night-school-2016/,HD,Night School
https://gomovies.sc/movie/knights-of-the-damned-2017/,HD,Knights of the Damned
https://gomovies.sc/movie/cargo-2017/,HD,Cargo
https://gomovies.sc/movie/empire-of-the-sharks-2017/,HD,Empire of the Sharks
https://gomovies.sc/movie/cabin-28-2017/,HD,Cabin 28
https://gomovies.sc/movie/crash-pad-2017/,HD,Crash Pad
https://gomovies.sc/movie/city-of-ghosts-2017/,HD,City of Ghosts
https://gomovies.sc/movie/spider-man-homecoming-2017-123movies/,HD,Spider-Man: Homecoming
https://gomovies.sc/movie/house-of-evil-2017/,HD,House of Evil
https://gomovies.sc/movie/full-the-beguiled-2017-watch-free/,HD,The Beguiled
https://gomovies.sc/movie/the-child-in-time-2017/,HD,The Child in Time
https://gomovies.sc/movie/gender-revolution-2017/,HD,Gender Revolution
https://gomovies.sc/movie/nocturama-2016/,HD,Nocturama
https://gomovies.sc/movie/falling-for-vermont-2017/,HD,Falling for Vermont
https://gomovies.sc/movie/mr-pig-2016/,HD,Mr. Pig
https://gomovies.sc/movie/american-assassin-2017-123movies-to/,HD,American Assassin
https://gomovies.sc/movie/monster-island-2017/,HD,Monster Island
https://gomovies.sc/movie/zombies-have-fallen-2017/,HD,Zombies Have Fallen
https://gomovies.sc/movie/while-you-were-dating-2017/,HD,While You Were Dating
https://gomovies.sc/movie/mississippi-murder-2017/,HD,Mississippi Murder
https://gomovies.sc/movie/love-blossoms-2017/,HD,Love Blossoms
https://gomovies.sc/movie/ghosts-of-darkness-2017/,HD,Ghosts of Darkness
https://gomovies.sc/movie/elite-2017/,HD,Elite
https://gomovies.sc/movie/bunyan-and-babe-2017/,HD,Bunyan and Babe
https://gomovies.sc/movie/britney-ever-after-2017/,HD,Britney Ever After
https://gomovies.sc/movie/breaking-legs-2017/,HD,Breaking Legs
https://gomovies.sc/movie/sniper-ultimate-kill-2017/,HD,Sniper: Ultimate Kill
https://gomovies.sc/movie/free-cult-of-chucky-2017/,HD,Cult of Chucky
https://gomovies.sc/movie/uncaged-2017/,HD,Uncaged
https://gomovies.sc/movie/killing-gunther-2017-free/,HD,Killing Gunther
https://gomovies.sc/movie/the-little-hours-2017-watch/,HD,The Little Hours
https://gomovies.sc/movie/happy-hunting-2017/,HD,Happy Hunting
https://gomovies.sc/movie/big-bear-2017/,HD,Big Bear
https://gomovies.sc/movie/last-rampage-the-escape-of-gary-tison-2017/,HD,Last Rampage: The Escape of Gary Tison (2017)
https://gomovies.sc/movie/gaga-five-foot-two-2017/,HD,Gaga: Five Foot Two
https://gomovies.sc/movie/les-as-de-la-jungle-2017-sdd221/,HD,Les As de la Jungle
https://gomovies.sc/movie/the-houses-october-built-2-2017/,HD,The Houses October Built 2
https://gomovies.sc/movie/leatherface-2017/,HD,Leatherface
https://gomovies.sc/movie/lone-wolves-2016/,HD,Lone Wolves
https://gomovies.sc/movie/if-looks-could-kill-2016/,HD,If Looks Could Kill
https://gomovies.sc/movie/the-return-2017/,HD,The Return
https://gomovies.sc/movie/getaway-plan-2016/,HD,Getaway Plan
https://gomovies.sc/movie/the-chessplayer-2017/,HD,The Chessplayer
https://gomovies.sc/movie/suntan-2016/,HD,Suntan
https://gomovies.sc/movie/neruda-2016/,HD,Neruda
https://gomovies.sc/movie/the-last-dream-2017/,HD,The Last Dream
https://gomovies.sc/movie/god-of-war-2017/,HD,God of War
https://gomovies.sc/movie/mother-2017-qwe1234/,HD,Mother!
https://gomovies.sc/movie/brads-status-2017/,HD,Brad's Status
https://gomovies.sc/movie/easy-living-2017/,HD,Easy Living
https://gomovies.sc/movie/a-ghost-story-2017-ffew553/,HD,A Ghost Story
https://gomovies.sc/movie/england-is-mine-2017/,HD,England Is Mine
https://gomovies.sc/movie/meow-2017/,HD,Meow
https://gomovies.sc/movie/negative-2017/,HD,Negative
https://gomovies.sc/movie/the-69th-primetime-emmy-awards-2017/,HD,The 69th Primetime Emmy Awards
https://gomovies.sc/movie/3-things-2017/,HD,3 Things
https://gomovies.sc/movie/the-book-of-henry-2017-watch/,HD,The Book of Henry
https://gomovies.sc/movie/black-snow-2017/,HD,Black Snow
https://gomovies.sc/movie/the-rizen-2017/,HD,The Rizen
https://gomovies.sc/movie/drink-slay-love-2017/,HD,Drink Slay Love
https://gomovies.sc/movie/crash-and-burn-2016/,HD,Crash and Burn
https://gomovies.sc/movie/mission-control-the-unsung-heroes-of-apollo-2017/,HD,Mission Control: The Unsung Heroes of Apollo
https://gomovies.sc/movie/house-on-elm-lake-2017/,HD,House on Elm Lake
https://gomovies.sc/movie/wilde-wedding-2017-wqweq22/,HD,Wilde Wedding
https://gomovies.sc/movie/strong-island-2017/,HD,Strong Island
https://gomovies.sc/movie/campus-caller-2017/,HD,Campus Caller
https://gomovies.sc/movie/chronesthesia-2016/,HD,Chronesthesia
https://gomovies.sc/movie/watch-the-square-2017-online/,HD,The Square
https://gomovies.sc/movie/the-show-2017/,HD,The Show
https://gomovies.sc/movie/justice-2017/,HD,Justice
https://gomovies.sc/movie/first-they-killed-my-father-a-daughter-of-cambodia-remembers-2017/,HD,First They Killed My Father: A Daughter of Cambodia Remembers
https://gomovies.sc/movie/222-2017/,HD,2:22
https://gomovies.sc/movie/transformers-the-last-knight-2017-432g424/,HD,Transformers: The Last Knight
https://gomovies.sc/movie/go-north-2017/,HD,Go North
https://gomovies.sc/movie/merry-ex-mas-2016/,HD,Merry Ex-Mas
https://gomovies.sc/movie/saattokeikka-2017/,HD,Saattokeikka
https://gomovies.sc/movie/confidential-assignment-2017/,HD,Confidential Assignment
https://gomovies.sc/movie/a-dash-of-love-2017/,HD,A Dash of Love
https://gomovies.sc/movie/churchill-2017-watch-255/,HD,Churchill
https://gomovies.sc/movie/barbie-video-game-hero-2017/,HD,Barbie Video Game Hero
https://gomovies.sc/movie/bad-kids-of-crestview-academy-2017/,HD,Bad Kids of Crestview Academy
https://gomovies.sc/movie/amityville-exorcism-2017/,HD,Amityville Exorcism
https://gomovies.sc/movie/a-royal-winter-2017/,HD,A Royal Winter
https://gomovies.sc/movie/a-room-to-die-for-2017/,HD,A Room to Die For
https://gomovies.sc/movie/rufus-2-2017/,HD,Rufus-2
https://gomovies.sc/movie/vixen-the-movie-2017/,SD,Vixen: The Movie
https://gomovies.sc/movie/child-of-satan-2017/,SD,Child of Satan
https://gomovies.sc/movie/alien-vs-zombies-2017/,SD,Alien Vs. Zombies
https://gomovies.sc/movie/the-russian-revolution-2017/,SD,The Russian Revolution
https://gomovies.sc/movie/american-made-2017-4g23g234/,SD,American Made
https://gomovies.sc/movie/the-detained-2017/,SD,The Detained
https://gomovies.sc/movie/smartass-2017/,SD,Smartass
https://gomovies.sc/movie/clowntergeist-2016/,SD,Clowntergeist
https://gomovies.sc/movie/sleepwalking-in-suburbia-2017/,SD,Sleepwalking in Suburbia
https://gomovies.sc/movie/brotherhood-of-blades-ii-the-infernal-battlefield-2017/,SD,Brotherhood of Blades II: The Infernal Battlefield
https://gomovies.sc/movie/the-grown-ups-2016/,SD,The Grown-Ups
https://gomovies.sc/movie/sinister-minister-2017/,SD,Sinister Minister
https://gomovies.sc/movie/you-cant-have-it-2017/,SD,You Can't Have It
https://gomovies.sc/movie/the-bride-2017/,SD,The Bride
https://gomovies.sc/movie/complete-unknown-2016/,SD,Complete Unknown
https://gomovies.sc/movie/full-the-hero-2017-watch/,SD,The Hero
https://gomovies.sc/movie/the-ghoul-2016/,SD,The Ghoul
https://gomovies.sc/movie/class-action-1991/,SD,Class Action
https://gomovies.sc/movie/gun-shy-2017/,SD,Gun Shy
https://gomovies.sc/movie/the-good-catholic-2017/,SD,The Good Catholic
https://gomovies.sc/movie/circus-kane-2017/,SD,Circus Kane
https://gomovies.sc/movie/realityhigh-2017-jjhh44/,SD,#REALITYHIGH
https://gomovies.sc/movie/the-limehouse-golem-2016/,SD,The Limehouse Golem
https://gomovies.sc/movie/throne-of-elves-2016/,SD,Throne of Elves
https://gomovies.sc/movie/score-a-film-music-documentary-2016/,SD,Score: A Film Music Documentary
https://gomovies.sc/movie/my-pet-dinosaur-2017/,SD,My Pet Dinosaur
https://gomovies.sc/movie/who-is-alice-2017/,SD,Who Is Alice?
https://gomovies.sc/movie/whitney-can-i-be-me-2017/,SD,Whitney: Can I Be Me
https://gomovies.sc/movie/the-secret-life-of-pets-2016-123movies/,SD,The Secret Life of Pets
https://gomovies.sc/movie/full-logan-lucky-2017-fmovies/,SD,Logan Lucky
https://gomovies.sc/movie/wind-river-2017-123movies/,SD,Wind River
https://gomovies.sc/movie/pirates-of-the-caribbean-dead-men-tell-no-tales-2017-dsadad34414/,SD,Pirates of the Caribbean: Dead Men Tell No Tales
https://gomovies.sc/movie/loves-last-resort-2017/,SD,Love's Last Resort
https://gomovies.sc/movie/plug-love-2017/,SD,Plug Love
https://gomovies.sc/movie/paris-can-wait-2016/,SD,Paris Can Wait
https://gomovies.sc/movie/the-atoning-2017/,SD,The Atoning
https://gomovies.sc/movie/the-basement-2017/,SD,The Basement
https://gomovies.sc/movie/sisters-of-the-groom-2016/,SD,Sisters of the Groom
https://gomovies.sc/movie/residue-2017/,SD,Residue
https://gomovies.sc/movie/renegades-2017/,SD,Renegades
https://gomovies.sc/movie/the-big-sick-2017-watch/,HD,The Big Sick
https://gomovies.sc/movie/offline-das-leben-ist-kein-bonuslevel-2016/,HD,Offline - Das Leben ist kein Bonuslevel
https://gomovies.sc/movie/after-the-storm-2016/,HD,After the Storm
https://gomovies.sc/movie/deadly-intent-2016/,HD,Deadly Intent
https://gomovies.sc/movie/voodoo-rising-2016/,HD,Voodoo Rising
https://gomovies.sc/movie/fell-jumped-or-pushed-2016/,HD,"Fell, Jumped or Pushed"
https://gomovies.sc/movie/escape-room-2017/,HD,Escape Room
https://gomovies.sc/movie/at-home-in-mitford-2017/,HD,At Home in Mitford
https://gomovies.sc/movie/forgotten-evil-2017/,HD,Forgotten Evil
https://gomovies.sc/movie/the-hatred-2017/,HD,The Hatred
https://gomovies.sc/movie/full-free-a-boy-called-po-2016/,HD,A Boy Called Po
https://gomovies.sc/movie/little-evil-2017/,HD,Little Evil
https://gomovies.sc/movie/dead-billy-2016/,HD,Dead Billy
https://gomovies.sc/movie/jackals-2017/,HD,Jackals
https://gomovies.sc/movie/temple-2017/,HD,Temple
https://gomovies.sc/movie/free-the-layover-2017/,HD,The Layover
https://gomovies.sc/movie/the-vault-2017/,HD,The Vault
https://gomovies.sc/movie/anomalous-2016/,HD,Anomalous
https://gomovies.sc/movie/full-killing-hasselhoff-2017/,HD,Killing Hasselhoff
https://gomovies.sc/movie/hack-house-2017/,HD,Hack House
https://gomovies.sc/movie/full-dead-again-in-tombstone-2017/,HD,Dead Again in Tombstone
https://gomovies.sc/movie/ryde-2016/,HD,Ryde
https://gomovies.sc/movie/dean-2016/,HD,Dean
https://gomovies.sc/movie/women-who-kill-2016/,HD,Women Who Kill
https://gomovies.sc/movie/it-comes-at-night-2017-watch/,HD,It Comes at Night
https://gomovies.sc/movie/scales-mermaids-are-real-2017/,HD,Scales: Mermaids Are Real
https://gomovies.sc/movie/the-founders-2016/,HD,The Founders
https://gomovies.sc/movie/party-boat-2017/,HD,Party Boat
https://gomovies.sc/movie/potent-medias-sugar-skull-girls-2016/,HD,Potent Media's Sugar Skull Girls
https://gomovies.sc/movie/rogue-warrior-robot-fighter-2017-watch10/,HD,Rogue Warrior: Robot Fighter
https://gomovies.sc/movie/mommys-little-girl-2016/,HD,Mommy's Little Girl
https://gomovies.sc/movie/full-the-hitmans-bodyguard-2017-123moviesfree/,HD,The Hitman's Bodyguard
https://gomovies.sc/movie/mayweather-vs-mcgregor-2017/,HD,Mayweather vs McGregor
https://gomovies.sc/movie/ministry-of-love-2016/,HD,Ministry of Love
https://gomovies.sc/movie/the-domicile-2017/,HD,The Domicile
https://gomovies.sc/movie/band-aid-2017/,HD,Band Aid
https://gomovies.sc/movie/death-note-2017/,HD,Death Note
https://gomovies.sc/movie/bushwick-2017-watch40242kuas/,HD,Bushwick
https://gomovies.sc/movie/unleashed-2016/,HD,Unleashed
https://gomovies.sc/movie/the-tank-2017/,HD,The Tank
https://gomovies.sc/movie/kim-dotcom-caught-in-the-web-2017/,HD,Kim Dotcom: Caught in the Web
https://gomovies.sc/movie/rememory-2017-free/,HD,Rememory
https://gomovies.sc/movie/ghost-house-2016/,HD,Ghost House
https://gomovies.sc/movie/pussy-kills-2017/,HD,Pussy Kills
https://gomovies.sc/movie/dont-take-me-home-2017/,HD,Don't Take Me Home
https://gomovies.sc/movie/a-beginners-guide-to-snuff-2016/,HD,A Beginner's Guide to Snuff
https://gomovies.sc/movie/bad-rap-2016/,HD,Bad Rap
https://gomovies.sc/movie/eiga-doraemon-nobita-no-nankyoku-kachikochi-daibouken-2017/,HD,Eiga Doraemon: Nobita no nankyoku kachikochi daibouken
https://gomovies.sc/movie/maudie-2016/,HD,Maudie
https://gomovies.sc/movie/megan-leavey-2017/,HD,Megan Leavey
https://gomovies.sc/movie/starship-troopers-traitor-of-mars-2017/,HD,Starship Troopers: Traitor of Mars
https://gomovies.sc/movie/lowriders-2016/,HD,Lowriders
https://gomovies.sc/movie/off-the-rails-2017/,HD,Off the Rails
https://gomovies.sc/movie/love-at-the-shore-2017/,HD,Love at the Shore
https://gomovies.sc/movie/deadly-secrets-by-the-lake-2017/,HD,Deadly Secrets by the Lake
https://gomovies.sc/movie/the-twin-2017/,HD,The Twin
https://gomovies.sc/movie/home-for-christmas-day-2017/,HD,Home for Christmas Day
https://gomovies.sc/movie/born-in-china-2016/,HD,Born in China
https://gomovies.sc/movie/blood-orange-2016/,HD,Blood Orange
https://gomovies.sc/movie/till-we-meet-again-2016/,HD,Till We Meet Again
https://gomovies.sc/movie/the-ice-cream-truck-2017/,HD,The Ice Cream Truck
https://gomovies.sc/movie/barbecue-2017/,HD,Barbecue
https://gomovies.sc/movie/what-happened-to-monday-2017/,HD,What Happened to Monday
https://gomovies.sc/movie/6-days-2017/,HD,6 Days
https://gomovies.sc/movie/after-the-wedding-2017/,HD,After the Wedding
https://gomovies.sc/movie/beatriz-at-dinner-2017/,HD,Beatriz at Dinner
https://gomovies.sc/movie/dave-made-a-maze-2017/,HD,Dave Made a Maze
https://gomovies.sc/movie/lemon-2017/,HD,Lemon
https://gomovies.sc/movie/the-monster-project-2017/,HD,The Monster Project
https://gomovies.sc/movie/watch-the-nut-job-2-nutty-by-nature-2017-free/,HD,The Nut Job 2: Nutty by Nature
https://gomovies.sc/movie/concrete-evidence-a-fixer-upper-mystery-2017/,HD,Concrete Evidence: A Fixer Upper Mystery
https://gomovies.sc/movie/its-gawd-2017/,HD,It's Gawd!
https://gomovies.sc/movie/summer-in-the-vineyard-2017/,HD,Summer in the Vineyard
https://gomovies.sc/movie/the-farthest-2017/,HD,The Farthest
https://gomovies.sc/movie/day-of-days-2017/,HD,Day of Days
https://gomovies.sc/movie/detroit-2017/,HD,Detroit
https://gomovies.sc/movie/delinquent-2016/,HD,Delinquent
https://gomovies.sc/movie/williams-2017/,HD,Williams 
https://gomovies.sc/movie/abduct-2016/,HD,Abduct
https://gomovies.sc/movie/strangers-within-2017/,HD,Strangers Within
https://gomovies.sc/movie/face-2-face-2016/,HD,Face 2 Face
https://gomovies.sc/movie/eva-hesse-2016/,HD,Eva Hesse
https://gomovies.sc/movie/irreplaceable-2016/,HD,Irreplaceable
https://gomovies.sc/movie/kiki-2016/,HD,Kiki
https://gomovies.sc/movie/ripper-2016/,HD,Ripper
https://gomovies.sc/movie/the-aquatic-effect-2016/,HD,The Aquatic Effect
https://gomovies.sc/movie/tomato-red-2017/,HD,Tomato Red
https://gomovies.sc/movie/calico-skies-2016/,HD,Calico Skies
https://gomovies.sc/movie/goon-last-of-the-enforcers-2017/,HD,Goon: Last of the Enforcers
https://gomovies.sc/movie/boys-in-the-trees-2016/,HD,Boys in the Trees
https://gomovies.sc/movie/alien-reign-of-man-2017/,HD,Alien Reign of Man
https://gomovies.sc/movie/batman-and-harley-quinn-2017/,HD,Batman and Harley Quinn
https://gomovies.sc/movie/the-handmaiden-2016/,HD,The Handmaiden
https://gomovies.sc/movie/the-takers-crown-2017/,HD,The Taker's Crown
https://gomovies.sc/movie/maria-sharapova-the-point-2017/,HD,Maria Sharapova: The Point
https://gomovies.sc/movie/the-son-of-bigfoot-2017/,HD,The Son of Bigfoot
https://gomovies.sc/movie/free-baywatch-2017-full-257/,HD,Baywatch
https://gomovies.sc/movie/brackenmore-2016/,HD,Brackenmore
https://gomovies.sc/movie/toxic-shark-2017/,HD,Toxic Shark
https://gomovies.sc/movie/my-cousin-rachel-2017/,HD,My Cousin Rachel
https://gomovies.sc/movie/the-transfiguration-2016/,HD,The Transfiguration
https://gomovies.sc/movie/bitcoins-heist-2016/,HD,Bitcoins Heist
https://gomovies.sc/movie/ghost-note-2017/,HD,Ghost Note
https://gomovies.sc/movie/naked-2017/,HD,Naked
https://gomovies.sc/movie/open-water-3-cage-dive-2017/,HD,Open Water 3: Cage Dive
https://gomovies.sc/movie/spoor-2017/,HD,Spoor
https://gomovies.sc/movie/some-freaks-2016/,HD,Some Freaks
https://gomovies.sc/movie/max-payne-retribution-2017/,HD,Max Payne: Retribution
https://gomovies.sc/movie/i-olga-2016/,HD,"I, Olga"
https://gomovies.sc/movie/girl-followed-2017/,HD,Girl Followed
https://gomovies.sc/movie/americano-2016/,HD,Americano
https://gomovies.sc/movie/wolf-warriors-ii-2017/,HD,Wolf Warriors II
https://gomovies.sc/movie/undercover-grandpa-2017/,HD,Undercover Grandpa
https://gomovies.sc/movie/the-business-of-amateurs-2017/,HD,The Business of Amateurs
https://gomovies.sc/movie/orbiter-9-2017/,HD,Orbiter 9
https://gomovies.sc/movie/mommys-secret-2016/,HD,Mommy's Secret
https://gomovies.sc/movie/minutes-past-midnight-2016/,HD,Minutes Past Midnight
https://gomovies.sc/movie/last-day-of-school-2016/,HD,Last Day of School
https://gomovies.sc/movie/call-sheet-2016/,HD,Call Sheet
https://gomovies.sc/movie/bluebeard-2017/,HD,Bluebeard
